Month,S&P500,Dividends,Earnings,CPI,10-year rate,Gold,President age,Temperature
01/1880,5.11,0.02,0.03,9.99,0.040200,20.67,687,-0.29
02/1880,5.2,0.02,0.03,9.99,0.039900,20.67,688,-0.18
03/1880,5.3,0.02,0.03,10.09,0.039700,20.67,689,-0.11
04/1880,5.18,0.02,0.03,9.7,0.039400,20.67,690,-0.19
05/1880,4.77,0.02,0.04,9.42,0.039100,20.67,691,-0.11
06/1880,4.79,0.02,0.04,9.23,0.038900,20.67,692,-0.23
07/1880,5.01,0.02,0.04,9.23,0.038600,20.67,693,-0.21
08/1880,5.19,0.02,0.04,9.23,0.038300,20.67,694,-0.09
09/1880,5.18,0.02,0.04,9.32,0.038100,20.67,695,-0.16
10/1880,5.33,0.02,0.04,9.32,0.037800,20.67,696,-0.23
11/1880,5.61,0.02,0.04,9.42,0.037500,20.67,697,-0.2
12/1880,5.84,0.02,0.04,9.51,0.037300,20.67,698,-0.22
01/1881,6.19,0.02,0.04,9.42,0.037000,20.67,699,-0.15
02/1881,6.17,0.02,0.04,9.51,0.036900,20.67,700,-0.17
03/1881,6.24,0.02,0.04,9.51,0.036900,20.67,592,0.04
04/1881,6.22,0.02,0.04,9.61,0.036800,20.67,593,0.04
05/1881,6.5,0.02,0.04,9.51,0.036700,20.67,594,0.02
06/1881,6.58,0.02,0.04,9.51,0.036700,20.67,595,-0.2
07/1881,6.35,0.02,0.04,9.61,0.036600,20.67,596,-0.06
08/1881,6.2,0.03,0.04,9.8,0.036500,20.67,597,-0.02
09/1881,6.25,0.03,0.04,10.18,0.036500,20.67,623,-0.13
10/1881,6.15,0.03,0.04,10.28,0.036400,20.67,624,-0.2
11/1881,6.19,0.03,0.04,10.18,0.036300,20.67,625,-0.21
12/1881,6.01,0.03,0.04,10.18,0.036300,20.67,626,-0.1
01/1882,5.92,0.03,0.04,10.18,0.036200,20.67,627,0.15
02/1882,5.79,0.03,0.04,10.28,0.036200,20.67,628,0.15
03/1882,5.78,0.03,0.04,10.28,0.036200,20.67,629,0.04
04/1882,5.78,0.03,0.04,10.37,0.036200,20.67,630,-0.18
05/1882,5.71,0.03,0.04,10.47,0.036200,20.67,631,-0.15
06/1882,5.68,0.03,0.04,10.56,0.036200,20.67,632,-0.25
07/1882,6,0.03,0.04,10.47,0.036300,20.67,633,-0.2
08/1882,6.18,0.03,0.04,10.56,0.036300,20.67,634,-0.05
09/1882,6.24,0.03,0.04,10.28,0.036300,20.67,635,-0.1
10/1882,6.07,0.03,0.04,10.18,0.036300,20.67,636,-0.24
11/1882,5.81,0.03,0.04,10.09,0.036300,20.67,637,-0.15
12/1882,5.84,0.03,0.04,9.99,0.036300,20.67,638,-0.24
01/1883,5.81,0.03,0.04,9.99,0.036300,20.67,639,-0.31
02/1883,5.68,0.03,0.04,10.09,0.036300,20.67,640,-0.38
03/1883,5.75,0.03,0.04,9.99,0.036300,20.67,641,-0.12
04/1883,5.87,0.03,0.04,9.9,0.036300,20.67,642,-0.16
05/1883,5.77,0.03,0.03,9.8,0.036300,20.67,643,-0.19
06/1883,5.82,0.03,0.03,9.51,0.036300,20.67,644,-0.12
07/1883,5.73,0.03,0.03,9.32,0.036300,20.67,645,-0.08
08/1883,5.47,0.03,0.03,9.32,0.036200,20.67,646,-0.15
09/1883,5.53,0.03,0.03,9.23,0.036200,20.67,647,-0.2
10/1883,5.38,0.03,0.03,9.23,0.036200,20.67,648,-0.14
11/1883,5.46,0.03,0.03,9.13,0.036200,20.67,649,-0.22
12/1883,5.34,0.03,0.03,9.23,0.036200,20.67,650,-0.15
01/1884,5.18,0.03,0.03,9.23,0.036200,20.67,651,-0.15
02/1884,5.32,0.03,0.03,9.23,0.036100,20.67,652,-0.08
03/1884,5.3,0.03,0.03,9.23,0.036000,20.67,653,-0.37
04/1884,5.06,0.03,0.03,9.04,0.036000,20.67,654,-0.42
05/1884,4.65,0.03,0.03,8.85,0.035900,20.67,655,-0.36
06/1884,4.46,0.03,0.03,8.85,0.035800,20.67,656,-0.4
07/1884,4.46,0.03,0.03,8.75,0.035700,20.67,657,-0.34
08/1884,4.74,0.03,0.03,8.75,0.035600,20.67,658,-0.26
09/1884,4.59,0.03,0.03,8.66,0.035500,20.67,659,-0.27
10/1884,4.44,0.03,0.03,8.56,0.035500,20.67,660,-0.24
11/1884,4.35,0.03,0.03,8.37,0.035400,20.67,661,-0.29
12/1884,4.34,0.03,0.03,8.28,0.035300,20.67,662,-0.28
01/1885,4.24,0.03,0.03,8.28,0.035200,20.67,663,-0.58
02/1885,4.37,0.02,0.03,8.37,0.035100,20.67,664,-0.29
03/1885,4.38,0.02,0.03,8.18,0.035000,20.67,576,-0.25
04/1885,4.37,0.02,0.02,8.28,0.034800,20.67,577,-0.42
05/1885,4.32,0.02,0.02,8.09,0.034700,20.67,578,-0.41
06/1885,4.3,0.02,0.02,7.9,0.034600,20.67,579,-0.44
07/1885,4.46,0.02,0.02,7.99,0.034500,20.67,580,-0.35
08/1885,4.71,0.02,0.02,7.99,0.034300,20.67,581,-0.31
09/1885,4.65,0.02,0.02,7.9,0.034200,20.67,582,-0.23
10/1885,4.92,0.02,0.02,7.9,0.034100,20.67,583,-0.19
11/1885,5.24,0.02,0.02,7.99,0.034000,20.67,584,-0.19
12/1885,5.2,0.02,0.02,8.18,0.033800,20.67,585,-0.05
01/1886,5.2,0.02,0.02,7.99,0.033700,20.67,586,-0.42
02/1886,5.3,0.02,0.02,7.99,0.033800,20.67,587,-0.45
03/1886,5.19,0.02,0.02,7.9,0.034000,20.67,588,-0.38
04/1886,5.12,0.02,0.02,7.8,0.034100,20.67,589,-0.27
05/1886,5.02,0.02,0.02,7.61,0.034200,20.67,590,-0.26
06/1886,5.25,0.02,0.03,7.52,0.034300,20.67,591,-0.38
07/1886,5.33,0.02,0.03,7.61,0.034500,20.67,592,-0.21
08/1886,5.37,0.02,0.03,7.71,0.034600,20.67,593,-0.33
09/1886,5.51,0.02,0.03,7.71,0.034700,20.67,594,-0.25
10/1886,5.65,0.02,0.03,7.71,0.034800,20.67,595,-0.28
11/1886,5.79,0.02,0.03,7.71,0.035000,20.67,596,-0.31
12/1886,5.64,0.02,0.03,7.8,0.035100,20.67,597,-0.26
01/1887,5.58,0.02,0.03,7.99,0.035200,20.67,598,-0.73
02/1887,5.54,0.02,0.03,8.09,0.035300,20.67,599,-0.52
03/1887,5.67,0.02,0.03,8.09,0.035500,20.67,600,-0.34
04/1887,5.8,0.02,0.03,8.09,0.035600,20.67,601,-0.38
05/1887,5.9,0.02,0.03,8.09,0.035700,20.67,602,-0.32
06/1887,5.73,0.02,0.03,7.99,0.035800,20.67,603,-0.24
07/1887,5.59,0.02,0.03,7.9,0.036000,20.67,604,-0.23
08/1887,5.45,0.02,0.03,7.99,0.036100,20.67,605,-0.32
09/1887,5.38,0.02,0.03,7.9,0.036200,20.67,606,-0.23
10/1887,5.2,0.02,0.03,7.99,0.036300,20.67,607,-0.32
11/1887,5.3,0.02,0.03,8.09,0.036500,20.67,608,-0.23
12/1887,5.27,0.02,0.03,8.28,0.036600,20.67,609,-0.33
01/1888,5.31,0.02,0.03,8.37,0.036700,20.67,610,-0.37
02/1888,5.28,0.02,0.03,8.28,0.036500,20.67,611,-0.36
03/1888,5.08,0.02,0.03,8.28,0.036300,20.67,612,-0.41
04/1888,5.1,0.02,0.03,8.18,0.036200,20.67,613,-0.22
05/1888,5.17,0.02,0.03,8.09,0.036000,20.67,614,-0.22
06/1888,5.01,0.02,0.03,7.99,0.035800,20.67,615,-0.18
07/1888,5.14,0.02,0.03,8.09,0.035600,20.67,616,-0.1
08/1888,5.25,0.02,0.02,8.09,0.035400,20.67,617,-0.16
09/1888,5.38,0.02,0.02,8.09,0.035200,20.67,618,-0.1
10/1888,5.35,0.02,0.02,8.18,0.035100,20.67,619,0.02
11/1888,5.24,0.02,0.02,8.28,0.034900,20.67,620,0
12/1888,5.14,0.02,0.02,8.28,0.034700,20.67,621,-0.07
01/1889,5.24,0.02,0.02,7.99,0.034500,20.67,622,-0.12
02/1889,5.3,0.02,0.02,7.9,0.034500,20.67,623,0.18
03/1889,5.19,0.02,0.02,7.8,0.034500,20.67,667,0.08
04/1889,5.18,0.02,0.02,7.8,0.034400,20.67,668,0.07
05/1889,5.32,0.02,0.02,7.61,0.034400,20.67,669,-0.03
06/1889,5.41,0.02,0.02,7.61,0.034400,20.67,670,-0.14
07/1889,5.3,0.02,0.02,7.61,0.034400,20.67,671,-0.1
08/1889,5.37,0.02,0.02,7.61,0.034300,20.67,672,-0.2
09/1889,5.5,0.02,0.02,7.71,0.034300,20.67,673,-0.22
10/1889,5.4,0.02,0.02,7.71,0.034300,20.67,674,-0.23
11/1889,5.35,0.02,0.02,7.71,0.034300,20.67,675,-0.33
12/1889,5.32,0.02,0.03,7.8,0.034200,20.67,676,-0.3
01/1890,5.38,0.02,0.02,7.61,0.034200,20.67,677,-0.44
02/1890,5.32,0.02,0.02,7.61,0.034400,20.67,678,-0.45
03/1890,5.28,0.02,0.02,7.61,0.034500,20.67,679,-0.4
04/1890,5.39,0.02,0.02,7.61,0.034700,20.67,680,-0.37
05/1890,5.62,0.02,0.02,7.71,0.034900,20.67,681,-0.46
06/1890,5.58,0.02,0.02,7.71,0.035000,20.67,682,-0.27
07/1890,5.54,0.02,0.02,7.71,0.035200,20.67,683,-0.27
08/1890,5.41,0.02,0.02,7.99,0.035400,20.67,684,-0.38
09/1890,5.32,0.02,0.02,8.09,0.035500,20.67,685,-0.4
10/1890,5.08,0.02,0.02,8.09,0.035700,20.67,686,-0.24
11/1890,4.71,0.02,0.02,7.9,0.035900,20.67,687,-0.48
12/1890,4.6,0.02,0.02,7.9,0.036000,20.67,688,-0.31
01/1891,4.84,0.02,0.02,7.8,0.036200,20.67,689,-0.42
02/1891,4.9,0.02,0.02,7.9,0.036200,20.67,690,-0.47
03/1891,4.81,0.02,0.03,7.99,0.036200,20.67,691,-0.18
04/1891,4.97,0.02,0.03,8.09,0.036200,20.67,692,-0.28
05/1891,4.95,0.02,0.03,7.99,0.036100,20.67,693,-0.19
06/1891,4.85,0.02,0.03,7.8,0.036100,20.67,694,-0.2
07/1891,4.77,0.02,0.03,7.71,0.036100,20.67,695,-0.2
08/1891,4.93,0.02,0.03,7.71,0.036100,20.67,696,-0.16
09/1891,5.33,0.02,0.03,7.61,0.036100,20.67,697,-0.14
10/1891,5.33,0.02,0.03,7.61,0.036100,20.67,698,-0.21
11/1891,5.25,0.02,0.03,7.52,0.036000,20.67,699,-0.34
12/1891,5.41,0.02,0.03,7.52,0.036000,20.67,700,-0.04
01/1892,5.51,0.02,0.03,7.33,0.036000,20.67,701,-0.28
02/1892,5.52,0.02,0.03,7.33,0.036100,20.67,702,-0.11
03/1892,5.58,0.02,0.03,7.14,0.036300,20.67,703,-0.35
04/1892,5.57,0.02,0.03,7.04,0.036400,20.67,704,-0.35
05/1892,5.57,0.02,0.03,7.04,0.036500,20.67,705,-0.25
06/1892,5.54,0.02,0.03,7.04,0.036600,20.67,706,-0.23
07/1892,5.54,0.02,0.03,7.23,0.036800,20.67,707,-0.32
08/1892,5.62,0.02,0.03,7.33,0.036900,20.67,708,-0.25
09/1892,5.48,0.02,0.03,7.33,0.037000,20.67,709,-0.13
10/1892,5.59,0.02,0.03,7.33,0.037100,20.67,710,-0.12
11/1892,5.57,0.02,0.03,7.52,0.037300,20.67,711,-0.41
12/1892,5.51,0.02,0.03,7.61,0.037400,20.67,712,-0.38
01/1893,5.61,0.02,0.03,7.9,0.037500,20.67,713,-0.79
02/1893,5.51,0.02,0.03,7.99,0.037500,20.67,714,-0.54
03/1893,5.31,0.02,0.03,7.8,0.037400,20.67,672,-0.23
04/1893,5.31,0.02,0.03,7.71,0.037400,20.67,673,-0.3
05/1893,4.84,0.02,0.03,7.61,0.037300,20.67,674,-0.36
06/1893,4.61,0.02,0.03,7.42,0.037300,20.67,675,-0.28
07/1893,4.18,0.02,0.03,7.23,0.037300,20.67,676,-0.16
08/1893,4.08,0.02,0.02,6.95,0.037200,20.67,677,-0.26
09/1893,4.37,0.02,0.02,7.23,0.037200,20.67,678,-0.2
10/1893,4.5,0.02,0.02,7.33,0.037100,20.67,679,-0.16
11/1893,4.57,0.02,0.02,7.14,0.037100,20.67,680,-0.17
12/1893,4.41,0.02,0.02,7.04,0.037000,20.67,681,-0.35
01/1894,4.32,0.02,0.02,6.85,0.037000,20.67,682,-0.53
02/1894,4.38,0.02,0.02,6.76,0.036800,20.67,683,-0.33
03/1894,4.51,0.02,0.02,6.57,0.036600,20.67,684,-0.25
04/1894,4.57,0.02,0.02,6.57,0.036400,20.67,685,-0.48
05/1894,4.4,0.02,0.02,6.57,0.036200,20.67,686,-0.35
06/1894,4.34,0.02,0.02,6.57,0.036000,20.67,687,-0.44
07/1894,4.25,0.02,0.02,6.57,0.035800,20.67,688,-0.26
08/1894,4.41,0.02,0.02,6.76,0.035600,20.67,689,-0.22
09/1894,4.48,0.02,0.02,6.85,0.035400,20.67,690,-0.25
10/1894,4.34,0.02,0.01,6.66,0.035200,20.67,691,-0.2
11/1894,4.34,0.02,0.01,6.66,0.035000,20.67,692,-0.25
12/1894,4.3,0.02,0.01,6.57,0.034800,20.67,693,-0.2
01/1895,4.25,0.02,0.01,6.57,0.034600,20.67,694,-0.44
02/1895,4.19,0.02,0.01,6.57,0.034700,20.67,695,-0.42
03/1895,4.19,0.02,0.02,6.57,0.034800,20.67,696,-0.28
04/1895,4.37,0.02,0.02,6.85,0.035000,20.67,697,-0.24
05/1895,4.61,0.02,0.02,6.95,0.035100,20.67,698,-0.26
06/1895,4.7,0.02,0.02,7.04,0.035200,20.67,699,-0.24
07/1895,4.72,0.02,0.02,6.95,0.035300,20.67,700,-0.17
08/1895,4.79,0.02,0.02,6.85,0.035400,20.67,701,-0.16
09/1895,4.82,0.02,0.02,6.85,0.035500,20.67,702,-0.09
10/1895,4.75,0.02,0.02,6.85,0.035700,20.67,703,-0.08
11/1895,4.59,0.02,0.02,6.85,0.035800,20.67,704,-0.14
12/1895,4.32,0.02,0.02,6.76,0.035900,20.67,705,-0.15
01/1896,4.27,0.02,0.02,6.66,0.036000,20.67,706,-0.25
02/1896,4.45,0.02,0.02,6.57,0.035800,20.67,707,-0.14
03/1896,4.38,0.02,0.02,6.57,0.035700,20.67,708,-0.25
04/1896,4.42,0.02,0.02,6.47,0.035500,20.67,709,-0.3
05/1896,4.4,0.02,0.02,6.37,0.035300,20.67,710,-0.18
06/1896,4.32,0.02,0.02,6.28,0.035200,20.67,711,-0.14
07/1896,4.04,0.02,0.02,6.28,0.035000,20.67,712,-0.03
08/1896,3.81,0.02,0.02,6.28,0.034800,20.67,713,-0.04
09/1896,4.01,0.02,0.02,6.28,0.034700,20.67,714,-0.03
10/1896,4.1,0.02,0.02,6.47,0.034500,20.67,715,0.12
11/1896,4.38,0.02,0.02,6.66,0.034300,20.67,716,-0.07
12/1896,4.22,0.02,0.02,6.66,0.034200,20.67,717,-0.03
01/1897,4.22,0.02,0.02,6.47,0.034000,20.67,718,-0.14
02/1897,4.18,0.02,0.02,6.47,0.034000,20.67,719,-0.14
03/1897,4.19,0.02,0.02,6.47,0.033900,20.67,650,-0.13
04/1897,4.06,0.02,0.02,6.37,0.033900,20.67,651,-0.02
05/1897,4.08,0.02,0.02,6.28,0.033800,20.67,652,-0.04
06/1897,4.27,0.02,0.02,6.28,0.033800,20.67,653,-0.16
07/1897,4.46,0.02,0.02,6.28,0.033800,20.67,654,-0.07
08/1897,4.75,0.02,0.02,6.57,0.033700,20.67,655,-0.11
09/1897,4.98,0.02,0.02,6.76,0.033700,20.67,656,-0.07
10/1897,4.82,0.02,0.02,6.66,0.033600,20.67,657,-0.12
11/1897,4.65,0.02,0.03,6.66,0.033600,20.67,658,-0.19
12/1897,4.75,0.02,0.03,6.66,0.033500,20.67,659,-0.19
01/1898,4.88,0.02,0.03,6.66,0.033500,20.67,660,-0.03
02/1898,4.87,0.02,0.03,6.76,0.033300,20.67,661,-0.29
03/1898,4.65,0.02,0.03,6.76,0.033100,20.67,662,-0.51
04/1898,4.57,0.02,0.03,6.76,0.032900,20.67,663,-0.33
05/1898,4.87,0.02,0.03,7.23,0.032700,20.67,664,-0.32
06/1898,5.06,0.02,0.03,6.76,0.032500,20.67,665,-0.2
07/1898,5.08,0.02,0.03,6.66,0.032300,20.67,666,-0.24
08/1898,5.27,0.02,0.03,6.66,0.032000,20.67,667,-0.25
09/1898,5.26,0.02,0.03,6.66,0.031800,20.67,668,-0.21
10/1898,5.15,0.02,0.03,6.66,0.031600,20.67,669,-0.33
11/1898,5.32,0.02,0.03,6.66,0.031400,20.67,670,-0.38
12/1898,5.65,0.02,0.03,6.76,0.031200,20.67,671,-0.25
01/1899,6.08,0.02,0.03,6.76,0.031000,20.67,672,-0.19
02/1899,6.31,0.02,0.03,6.95,0.031000,20.67,673,-0.4
03/1899,6.4,0.02,0.03,6.95,0.031100,20.67,674,-0.34
04/1899,6.48,0.02,0.03,7.04,0.031100,20.67,675,-0.2
05/1899,6.21,0.02,0.03,7.04,0.031200,20.67,676,-0.23
06/1899,6.07,0.02,0.03,7.14,0.031200,20.67,677,-0.33
07/1899,6.28,0.02,0.04,7.23,0.031300,20.67,678,-0.18
08/1899,6.44,0.02,0.04,7.33,0.031300,20.67,679,-0.07
09/1899,6.37,0.02,0.04,7.61,0.031300,20.67,680,-0.03
10/1899,6.34,0.02,0.04,7.71,0.031400,20.67,681,-0.05
11/1899,6.46,0.02,0.04,7.8,0.031400,20.67,682,0.12
12/1899,6.02,0.02,0.04,7.9,0.031500,20.67,683,-0.28
Jan-00,6.1,0.02,0.04,7.9,0.031500,20.67,684,-0.37
Feb-00,6.21,0.02,0.04,7.99,0.031500,20.67,685,-0.02
Mar-00,6.26,0.02,0.04,7.99,0.031400,20.67,686,0.01
Apr-00,6.34,0.02,0.04,7.99,0.031400,20.67,687,-0.12
May-00,6.04,0.02,0.04,7.8,0.031300,20.67,688,-0.1
Jun-00,5.86,0.02,0.04,7.71,0.031300,20.67,689,-0.12
Jul-00,5.86,0.02,0.04,7.8,0.031300,20.67,690,-0.13
Aug-00,5.94,0.02,0.04,7.71,0.031200,20.67,691,-0.1
Sep-00,5.8,0.02,0.04,7.8,0.031200,20.67,692,-0.04
Oct-00,6.01,0.02,0.04,7.71,0.031100,20.67,693,0.09
Nov-00,6.48,0.02,0.04,7.71,0.031100,20.67,694,-0.09
Dec-00,6.87,0.03,0.04,7.61,0.031000,20.67,695,-0.07
Jan-01,7.07,0.03,0.04,7.71,0.031000,20.67,696,-0.24
Feb-01,7.25,0.03,0.04,7.61,0.031100,20.67,697,-0.04
Mar-01,7.51,0.03,0.04,7.61,0.031100,20.67,698,0.08
Apr-01,8.14,0.03,0.04,7.52,0.031200,20.67,699,-0.04
May-01,7.73,0.03,0.04,7.52,0.031300,20.67,700,-0.16
Jun-01,8.5,0.03,0.04,7.52,0.031300,20.67,701,-0.12
Jul-01,7.93,0.03,0.04,7.61,0.031400,20.67,702,-0.15
Aug-01,8.04,0.03,0.04,7.71,0.031500,20.67,703,-0.2
Sep-01,8,0.03,0.04,7.8,0.031500,20.67,515,-0.22
Oct-01,7.91,0.03,0.04,7.8,0.031600,20.67,516,-0.31
Nov-01,8.08,0.03,0.04,7.9,0.031700,20.67,517,-0.17
Dec-01,7.95,0.03,0.04,7.99,0.031700,20.67,518,-0.27
Jan-02,8.12,0.03,0.04,7.9,0.031800,20.67,519,-0.2
Feb-02,8.19,0.03,0.04,7.9,0.031900,20.67,520,-0.04
Mar-02,8.2,0.03,0.04,7.9,0.032000,20.67,521,-0.29
Apr-02,8.48,0.03,0.05,7.99,0.032100,20.67,522,-0.31
May-02,8.46,0.03,0.05,8.09,0.032200,20.67,523,-0.36
Jun-02,8.41,0.03,0.05,8.18,0.032300,20.67,524,-0.35
Jul-02,8.6,0.03,0.05,8.18,0.032400,20.67,525,-0.29
Aug-02,8.83,0.03,0.05,8.09,0.032500,20.67,526,-0.33
Sep-02,8.85,0.03,0.05,8.18,0.032600,20.67,527,-0.29
Oct-02,8.57,0.03,0.05,8.75,0.032700,20.67,528,-0.31
Nov-02,8.24,0.03,0.05,8.47,0.032800,20.67,529,-0.39
Dec-02,8.05,0.03,0.05,8.56,0.032900,20.67,530,-0.46
Jan-03,8.46,0.03,0.05,8.66,0.033000,20.67,531,-0.26
Feb-03,8.41,0.03,0.05,8.66,0.033100,20.67,532,-0.05
Mar-03,8.08,0.03,0.05,8.37,0.033200,20.67,533,-0.23
Apr-03,7.75,0.03,0.05,8.37,0.033300,20.67,534,-0.43
May-03,7.6,0.03,0.05,8.18,0.033300,20.67,535,-0.45
Jun-03,7.18,0.03,0.05,8.18,0.033400,20.67,536,-0.46
Jul-03,6.85,0.03,0.05,8.18,0.033500,20.67,537,-0.38
Aug-03,6.63,0.03,0.05,8.18,0.033600,20.67,538,-0.48
Sep-03,6.47,0.03,0.05,8.28,0.033700,20.67,539,-0.48
Oct-03,6.26,0.03,0.05,8.18,0.033800,20.67,540,-0.48
Nov-03,6.28,0.03,0.04,8.09,0.033800,20.67,541,-0.45
Dec-03,6.57,0.03,0.04,8.09,0.033900,20.67,542,-0.52
Jan-04,6.68,0.03,0.04,8.28,0.034000,20.67,543,-0.67
Feb-04,6.5,0.03,0.04,8.47,0.034100,20.67,544,-0.58
Mar-04,6.48,0.03,0.04,8.37,0.034100,20.67,545,-0.51
Apr-04,6.64,0.03,0.04,8.28,0.034200,20.67,546,-0.54
May-04,6.5,0.03,0.04,8.09,0.034300,20.67,547,-0.55
Jun-04,6.51,0.03,0.04,8.09,0.034300,20.67,548,-0.51
Jul-04,6.78,0.03,0.04,8.09,0.034400,20.67,549,-0.54
Aug-04,7.01,0.03,0.04,8.18,0.034500,20.67,550,-0.5
Sep-04,7.32,0.03,0.04,8.28,0.034500,20.67,551,-0.53
Oct-04,7.75,0.03,0.04,8.28,0.034600,20.67,552,-0.39
Nov-04,8.17,0.03,0.04,8.47,0.034700,20.67,553,-0.21
Dec-04,8.25,0.03,0.04,8.47,0.034700,20.67,554,-0.34
Jan-05,8.43,0.03,0.04,8.47,0.034800,20.67,555,-0.4
Feb-05,8.8,0.03,0.04,8.47,0.034800,20.67,556,-0.59
Mar-05,9.05,0.03,0.04,8.37,0.034700,20.67,557,-0.22
Apr-05,8.94,0.03,0.05,8.37,0.034700,20.67,558,-0.36
May-05,8.5,0.03,0.05,8.28,0.034600,20.67,559,-0.33
Jun-05,8.6,0.03,0.05,8.28,0.034600,20.67,560,-0.3
Jul-05,8.87,0.03,0.05,8.28,0.034600,20.67,561,-0.29
Aug-05,9.2,0.03,0.05,8.37,0.034500,20.67,562,-0.22
Sep-05,9.23,0.03,0.05,8.28,0.034500,20.67,563,-0.18
Oct-05,9.36,0.03,0.05,8.28,0.034400,20.67,564,-0.25
Nov-05,9.31,0.03,0.05,8.37,0.034400,20.67,565,-0.1
Dec-05,9.54,0.03,0.06,8.47,0.034300,20.67,566,-0.18
Jan-06,9.87,0.03,0.06,8.47,0.034300,20.67,567,-0.28
Feb-06,9.8,0.03,0.06,8.47,0.034500,20.67,568,-0.3
Mar-06,9.56,0.03,0.06,8.47,0.034700,20.67,569,-0.16
Apr-06,9.43,0.03,0.06,8.47,0.034900,20.67,570,-0.04
May-06,9.18,0.03,0.06,8.56,0.035100,20.67,571,-0.24
Jun-06,9.3,0.03,0.06,8.56,0.035300,20.67,572,-0.21
Jul-06,9.06,0.03,0.06,8.28,0.035500,20.67,573,-0.25
Aug-06,9.73,0.03,0.06,8.47,0.035700,20.67,574,-0.2
Sep-06,10.03,0.03,0.06,8.56,0.035900,20.67,575,-0.27
Oct-06,9.73,0.03,0.06,8.75,0.036100,20.67,576,-0.19
Nov-06,9.93,0.03,0.06,8.85,0.036300,20.67,577,-0.38
Dec-06,9.84,0.03,0.06,8.94,0.036500,20.67,578,-0.16
Jan-07,9.56,0.03,0.06,8.85,0.036700,20.67,579,-0.41
Feb-07,9.26,0.03,0.06,9.04,0.036900,20.67,580,-0.51
Mar-07,8.35,0.03,0.06,8.94,0.037000,20.67,581,-0.27
Apr-07,8.39,0.03,0.06,8.94,0.037200,20.67,582,-0.39
May-07,8.1,0.03,0.06,9.13,0.037400,20.67,583,-0.47
Jun-07,7.84,0.04,0.06,9.23,0.037500,20.67,584,-0.43
Jul-07,8.14,0.04,0.06,9.23,0.037700,20.67,585,-0.36
Aug-07,7.53,0.04,0.06,9.23,0.037900,20.67,586,-0.35
Sep-07,7.45,0.04,0.06,9.23,0.038000,20.67,587,-0.33
Oct-07,6.64,0.04,0.06,9.32,0.038200,20.67,588,-0.24
Nov-07,6.25,0.04,0.06,8.94,0.038400,20.67,589,-0.48
Dec-07,6.57,0.04,0.06,8.75,0.038500,20.67,590,-0.48
Jan-08,6.85,0.04,0.05,8.66,0.038700,20.67,591,-0.43
Feb-08,6.6,0.04,0.05,8.56,0.038600,20.67,592,-0.31
Mar-08,6.87,0.04,0.05,8.56,0.038500,20.67,593,-0.53
Apr-08,7.24,0.04,0.05,8.66,0.038400,20.67,594,-0.45
May-08,7.63,0.04,0.05,8.66,0.038300,20.67,595,-0.41
Jun-08,7.64,0.04,0.05,8.66,0.038200,20.67,596,-0.41
Jul-08,7.92,0.03,0.05,8.75,0.038200,20.67,597,-0.39
Aug-08,8.26,0.03,0.05,8.75,0.038100,20.67,598,-0.46
Sep-08,8.17,0.03,0.05,8.75,0.038000,20.67,599,-0.36
Oct-08,8.27,0.03,0.05,8.85,0.037900,20.67,600,-0.44
Nov-08,8.83,0.03,0.05,8.94,0.037800,20.67,601,-0.5
Dec-08,9.03,0.03,0.05,9.04,0.037700,20.67,602,-0.49
Jan-09,9.06,0.03,0.05,8.94,0.037600,20.67,603,-0.68
Feb-09,8.8,0.03,0.05,9.04,0.037700,20.67,604,-0.47
Mar-09,8.92,0.03,0.05,9.04,0.037900,20.67,618,-0.51
Apr-09,9.32,0.03,0.05,9.23,0.038000,20.67,619,-0.6
May-09,9.63,0.03,0.05,9.32,0.038100,20.67,620,-0.56
Jun-09,9.8,0.04,0.06,9.42,0.038200,20.67,621,-0.52
Jul-09,9.94,0.04,0.06,9.42,0.038400,20.67,622,-0.45
Aug-09,10.18,0.04,0.06,9.51,0.038500,20.67,623,-0.31
Sep-09,10.19,0.04,0.06,9.61,0.038600,20.67,624,-0.35
Oct-09,10.23,0.04,0.06,9.8,0.038700,20.67,625,-0.36
Nov-09,10.18,0.04,0.06,9.9,0.038900,20.67,626,-0.3
Dec-09,10.3,0.04,0.06,9.99,0.039000,20.67,627,-0.55
Jan-10,10.08,0.04,0.06,9.9,0.039100,20.67,628,-0.44
Feb-10,9.72,0.04,0.06,9.9,0.039200,20.67,629,-0.44
Mar-10,9.96,0.04,0.06,10.09,0.039200,20.67,630,-0.5
Apr-10,9.72,0.04,0.06,10.18,0.039300,20.67,631,-0.4
May-10,9.56,0.04,0.06,9.99,0.039300,20.67,632,-0.34
Jun-10,9.1,0.04,0.06,9.9,0.039400,20.67,633,-0.37
Jul-10,8.64,0.04,0.06,9.9,0.039500,20.67,634,-0.34
Aug-10,8.85,0.04,0.06,9.8,0.039500,20.67,635,-0.36
Sep-10,8.91,0.04,0.06,9.7,0.039600,20.67,636,-0.36
Oct-10,9.32,0.04,0.06,9.42,0.039600,20.67,637,-0.38
Nov-10,9.31,0.04,0.06,9.23,0.039700,20.67,638,-0.54
Dec-10,9.05,0.04,0.06,9.23,0.039700,20.67,639,-0.67
Jan-11,9.27,0.04,0.06,9.23,0.039800,20.67,640,-0.63
Feb-11,9.43,0.04,0.06,8.94,0.039800,20.67,641,-0.58
Mar-11,9.32,0.04,0.06,9.04,0.039900,20.67,642,-0.6
Apr-11,9.28,0.04,0.06,8.75,0.039900,20.67,643,-0.53
May-11,9.48,0.04,0.06,8.75,0.039900,20.67,644,-0.52
Jun-11,9.67,0.04,0.06,8.75,0.039900,20.67,645,-0.48
Jul-11,9.63,0.04,0.05,8.85,0.040000,20.67,646,-0.41
Aug-11,9.17,0.04,0.05,9.13,0.040000,20.67,647,-0.42
Sep-11,8.67,0.04,0.05,9.23,0.040000,20.67,648,-0.37
Oct-11,8.72,0.04,0.05,9.23,0.040000,20.67,649,-0.23
Nov-11,9.07,0.04,0.05,9.13,0.040100,20.67,650,-0.18
Dec-11,9.11,0.04,0.05,9.04,0.040100,20.67,651,-0.22
Jan-12,9.12,0.04,0.05,9.13,0.040100,20.67,652,-0.26
Feb-12,9.04,0.04,0.05,9.23,0.040500,20.67,653,-0.12
Mar-12,9.3,0.04,0.05,9.42,0.040800,20.67,654,-0.35
Apr-12,9.59,0.04,0.05,9.7,0.041200,20.67,655,-0.2
May-12,9.58,0.04,0.05,9.7,0.041600,20.67,656,-0.21
Jun-12,9.58,0.04,0.05,9.61,0.041900,20.67,657,-0.26
Jul-12,9.59,0.04,0.05,9.61,0.042300,20.67,658,-0.44
Aug-12,9.81,0.04,0.06,9.7,0.042700,20.67,659,-0.55
Sep-12,9.86,0.04,0.06,9.8,0.043000,20.67,660,-0.51
Oct-12,9.84,0.04,0.06,9.8,0.043400,20.67,661,-0.56
Nov-12,9.73,0.04,0.06,9.8,0.043800,20.67,662,-0.38
Dec-12,9.38,0.04,0.06,9.7,0.044100,20.67,663,-0.43
Jan-13,9.3,0.04,0.06,9.8,0.044500,20.67,664,-0.42
Feb-13,8.97,0.04,0.06,9.8,0.044300,20.67,665,-0.43
Mar-13,8.8,0.04,0.06,9.8,0.044000,20.67,675,-0.43
Apr-13,8.79,0.04,0.06,9.8,0.043800,20.67,676,-0.39
May-13,8.55,0.04,0.06,9.7,0.043500,20.67,677,-0.47
Jun-13,8.12,0.04,0.06,9.8,0.043300,20.67,678,-0.48
Jul-13,8.23,0.04,0.05,9.9,0.043100,20.67,679,-0.36
Aug-13,8.45,0.04,0.05,9.9,0.042800,20.67,680,-0.34
Sep-13,8.53,0.04,0.05,10,0.042600,20.67,681,-0.35
Oct-13,8.26,0.04,0.05,10,0.042300,20.67,682,-0.33
Nov-13,8.05,0.04,0.05,10.1,0.042100,20.67,683,-0.19
Dec-13,8.04,0.04,0.05,10,0.041800,20.67,684,-0.03
Jan-14,8.37,0.04,0.05,10,0.041600,20.67,685,0.04
Feb-14,8.48,0.04,0.05,9.9,0.041700,20.67,686,-0.1
Mar-14,8.32,0.04,0.05,9.9,0.041700,20.67,687,-0.22
Apr-14,8.12,0.04,0.05,9.8,0.041800,20.67,688,-0.29
May-14,8.17,0.04,0.05,9.9,0.041900,20.67,689,-0.23
Jun-14,8.13,0.04,0.05,9.9,0.041900,20.67,690,-0.26
Jul-14,7.68,0.04,0.05,10,0.042000,20.67,691,-0.24
Aug-14,7.68,0.04,0.05,10.2,0.042100,20.67,692,-0.14
Sep-14,7.68,0.04,0.05,10.2,0.042100,20.67,693,-0.13
Oct-14,7.68,0.04,0.04,10.1,0.042200,20.67,694,-0.04
Nov-14,7.68,0.04,0.04,10.2,0.042300,20.67,695,-0.18
Dec-14,7.35,0.04,0.04,10.1,0.042300,20.67,696,-0.08
Jan-15,7.48,0.04,0.05,10.1,0.042400,20.67,697,-0.17
Feb-15,7.38,0.04,0.05,10,0.042200,20.67,698,0
Mar-15,7.57,0.04,0.05,9.9,0.042100,20.67,699,-0.09
Apr-15,8.14,0.04,0.05,10,0.041900,20.67,700,0.06
May-15,7.95,0.04,0.06,10.1,0.041800,20.67,701,-0.06
Jun-15,8.04,0.04,0.06,10.1,0.041600,20.67,702,-0.2
Jul-15,8.01,0.04,0.06,10.1,0.041500,20.67,703,-0.1
Aug-15,8.35,0.04,0.06,10.1,0.041300,20.67,704,-0.19
Sep-15,8.66,0.04,0.07,10.1,0.041100,20.67,705,-0.17
Oct-15,9.14,0.04,0.07,10.2,0.041000,20.67,706,-0.24
Nov-15,9.46,0.04,0.07,10.3,0.040800,20.67,707,-0.12
Dec-15,9.48,0.04,0.07,10.3,0.040700,20.67,708,-0.16
Jan-16,9.33,0.04,0.08,10.4,0.040500,20.67,709,-0.09
Feb-16,9.2,0.04,0.08,10.4,0.040700,20.67,710,-0.12
Mar-16,9.17,0.04,0.09,10.5,0.040800,20.67,711,-0.27
Apr-16,9.07,0.04,0.09,10.6,0.041000,20.67,712,-0.29
May-16,9.27,0.04,0.1,10.7,0.041100,20.67,713,-0.32
Jun-16,9.36,0.04,0.1,10.8,0.041300,20.67,714,-0.46
Jul-16,9.23,0.04,0.1,10.8,0.041400,20.67,715,-0.36
Aug-16,9.3,0.04,0.11,10.9,0.041600,20.67,716,-0.25
Sep-16,9.68,0.04,0.11,11.1,0.041700,20.67,717,-0.32
Oct-16,9.98,0.04,0.12,11.3,0.041900,20.67,718,-0.27
Nov-16,10.21,0.05,0.12,11.5,0.042000,20.67,719,-0.39
Dec-16,9.8,0.05,0.13,11.6,0.042200,20.67,720,-0.79
Jan-17,9.57,0.05,0.13,11.7,0.042300,20.67,721,-0.58
Feb-17,9.03,0.05,0.12,12,0.042600,20.67,722,-0.61
Mar-17,9.31,0.05,0.12,12,0.042900,20.67,723,-0.6
Apr-17,9.17,0.05,0.12,12.6,0.043200,20.67,724,-0.5
May-17,8.86,0.05,0.12,12.8,0.043400,20.67,725,-0.55
Jun-17,9.04,0.05,0.12,13,0.043700,20.67,726,-0.43
Jul-17,8.79,0.05,0.12,12.8,0.044000,20.67,727,-0.25
Aug-17,8.53,0.05,0.11,13,0.044300,20.67,728,-0.21
Sep-17,8.12,0.05,0.11,13.3,0.044600,20.67,729,-0.18
Oct-17,7.68,0.06,0.11,13.5,0.044900,20.67,730,-0.4
Nov-17,7.04,0.06,0.11,13.5,0.045100,20.67,731,-0.28
Dec-17,6.8,0.06,0.11,13.7,0.045400,20.67,732,-0.67
Jan-18,7.21,0.06,0.1,14,0.045700,20.67,733,-0.42
Feb-18,7.43,0.06,0.1,14.1,0.045600,20.67,734,-0.31
Mar-18,7.28,0.06,0.1,14,0.045600,20.67,735,-0.24
Apr-18,7.21,0.05,0.1,14.2,0.045500,20.67,736,-0.45
May-18,7.44,0.05,0.1,14.5,0.045500,20.67,737,-0.45
Jun-18,7.45,0.05,0.09,14.7,0.045400,20.67,738,-0.35
Jul-18,7.51,0.05,0.09,15.1,0.045400,20.67,739,-0.31
Aug-18,7.58,0.05,0.09,15.4,0.045300,20.67,740,-0.29
Sep-18,7.54,0.05,0.09,15.7,0.045200,20.67,741,-0.15
Oct-18,7.86,0.05,0.09,16,0.045200,20.67,742,-0.05
Nov-18,8.06,0.05,0.08,16.3,0.045100,20.67,743,-0.1
Dec-18,7.9,0.05,0.08,16.5,0.045100,20.67,744,-0.27
Jan-19,7.85,0.05,0.08,16.5,0.045000,20.67,745,-0.2
Feb-19,7.88,0.05,0.08,16.2,0.045400,20.67,746,-0.23
Mar-19,8.12,0.05,0.08,16.4,0.045800,20.67,747,-0.19
Apr-19,8.39,0.05,0.08,16.7,0.046200,20.67,748,-0.13
May-19,8.97,0.05,0.08,16.9,0.046600,20.67,749,-0.28
Jun-19,9.21,0.05,0.08,16.9,0.047000,20.67,750,-0.37
Jul-19,9.51,0.05,0.08,17.4,0.047400,20.67,751,-0.29
Aug-19,8.87,0.05,0.08,17.7,0.047700,20.67,752,-0.32
Sep-19,9.01,0.05,0.08,17.8,0.048100,20.67,753,-0.22
Oct-19,9.47,0.04,0.08,18.1,0.048500,20.67,754,-0.18
Nov-19,9.19,0.04,0.08,18.5,0.048900,20.67,755,-0.41
Dec-19,8.92,0.04,0.08,18.9,0.049300,20.67,756,-0.41
Jan-20,8.83,0.04,0.08,19.3,0.049700,20.67,757,-0.22
Feb-20,8.1,0.04,0.08,19.5,0.049800,20.67,758,-0.22
Mar-20,8.67,0.04,0.07,19.7,0.049900,20.67,759,-0.07
Apr-20,8.6,0.04,0.07,20.3,0.050000,20.67,760,-0.26
May-20,8.06,0.04,0.07,20.6,0.050100,20.67,761,-0.26
Jun-20,7.92,0.04,0.07,20.9,0.050200,20.67,762,-0.36
Jul-20,7.91,0.04,0.07,20.8,0.050300,20.67,763,-0.31
Aug-20,7.6,0.04,0.07,20.3,0.050400,20.67,764,-0.24
Sep-20,7.87,0.04,0.07,20,0.050500,20.67,765,-0.19
Oct-20,7.88,0.04,0.07,19.9,0.050600,20.67,766,-0.26
Nov-20,7.48,0.04,0.07,19.8,0.050700,20.67,767,-0.26
Dec-20,6.81,0.04,0.07,19.4,0.050800,20.67,768,-0.43
Jan-21,7.11,0.04,0.06,19,0.050900,20.67,769,-0.02
Feb-21,7.06,0.04,0.06,18.4,0.050200,20.67,770,-0.18
Mar-21,6.88,0.04,0.06,18.3,0.049600,20.67,664,-0.22
Apr-21,6.91,0.04,0.05,18.1,0.048900,20.67,665,-0.29
May-21,7.12,0.04,0.05,17.7,0.048300,20.67,666,-0.28
Jun-21,6.55,0.04,0.05,17.6,0.047600,20.67,667,-0.27
Jul-21,6.53,0.04,0.04,17.7,0.047000,20.67,668,-0.14
Aug-21,6.45,0.04,0.04,17.7,0.046300,20.67,669,-0.23
Sep-21,6.61,0.04,0.03,17.5,0.045600,20.67,670,-0.16
Oct-21,6.7,0.04,0.03,17.5,0.045000,20.67,671,-0.02
Nov-21,7.06,0.04,0.03,17.4,0.044300,20.67,672,-0.13
Dec-21,7.31,0.04,0.02,17.3,0.043700,20.67,673,-0.16
Jan-22,7.3,0.04,0.03,16.9,0.043000,20.67,674,-0.33
Feb-22,7.46,0.04,0.03,16.9,0.043100,20.67,675,-0.43
Mar-22,7.74,0.04,0.03,16.7,0.043100,20.67,676,-0.13
Apr-22,8.21,0.04,0.04,16.7,0.043200,20.67,677,-0.23
May-22,8.53,0.04,0.04,16.7,0.043200,20.67,678,-0.33
Jun-22,8.45,0.04,0.04,16.7,0.043300,20.67,679,-0.32
Jul-22,8.51,0.04,0.04,16.8,0.043300,20.67,680,-0.25
Aug-22,8.83,0.04,0.05,16.6,0.043400,20.67,681,-0.3
Sep-22,9.06,0.04,0.05,16.6,0.043400,20.67,682,-0.32
Oct-22,9.26,0.04,0.05,16.7,0.043500,20.67,683,-0.31
Nov-22,8.8,0.04,0.05,16.8,0.043500,20.67,684,-0.13
Dec-22,8.78,0.04,0.06,16.9,0.043600,20.67,685,-0.18
Jan-23,8.9,0.04,0.06,16.8,0.043600,20.67,686,-0.29
Feb-23,9.28,0.04,0.06,16.8,0.043400,20.67,687,-0.37
Mar-23,9.43,0.04,0.06,16.8,0.043100,20.67,688,-0.34
Apr-23,9.1,0.04,0.07,16.9,0.042900,20.67,689,-0.39
May-23,8.67,0.04,0.07,16.9,0.042600,20.67,690,-0.34
Jun-23,8.34,0.04,0.07,17,0.042400,20.67,691,-0.25
Jul-23,8.06,0.04,0.07,17.2,0.042100,20.67,692,-0.29
Aug-23,8.1,0.04,0.07,17.1,0.041900,20.67,613,-0.29
Sep-23,8.15,0.04,0.08,17.2,0.041600,20.67,614,-0.27
Oct-23,8.03,0.04,0.08,17.3,0.041400,20.67,615,-0.11
Nov-23,8.27,0.04,0.08,17.3,0.041100,20.67,616,0.01
Dec-23,8.55,0.04,0.08,17.3,0.040900,20.67,617,-0.02
Jan-24,8.83,0.04,0.08,17.3,0.040600,20.67,618,-0.22
Feb-24,8.87,0.04,0.08,17.2,0.040400,20.67,619,-0.23
Mar-24,8.7,0.04,0.08,17.1,0.040300,20.67,620,-0.06
Apr-24,8.5,0.04,0.08,17,0.040100,20.67,621,-0.31
May-24,8.47,0.04,0.08,17,0.039900,20.67,622,-0.18
Jun-24,8.63,0.05,0.08,17,0.039800,20.67,623,-0.22
Jul-24,9.03,0.05,0.08,17.1,0.039600,20.67,624,-0.26
Aug-24,9.34,0.05,0.08,17,0.039400,20.67,625,-0.33
Sep-24,9.25,0.05,0.08,17.1,0.039300,20.67,626,-0.3
Oct-24,9.13,0.05,0.08,17.2,0.039100,20.67,627,-0.33
Nov-24,9.64,0.05,0.08,17.2,0.038900,20.67,628,-0.19
Dec-24,10.16,0.05,0.08,17.3,0.038800,20.67,629,-0.41
Jan-25,10.58,0.05,0.08,17.3,0.038600,20.67,630,-0.36
Feb-25,10.67,0.05,0.08,17.2,0.038500,20.67,631,-0.38
Mar-25,10.39,0.05,0.08,17.3,0.038300,20.67,632,-0.24
Apr-25,10.28,0.05,0.09,17.2,0.038200,20.67,633,-0.25
May-25,10.61,0.05,0.09,17.3,0.038000,20.67,634,-0.3
Jun-25,10.8,0.05,0.09,17.5,0.037900,20.67,635,-0.32
Jul-25,11.1,0.05,0.09,17.7,0.037700,20.67,636,-0.27
Aug-25,11.25,0.05,0.1,17.7,0.037600,20.67,637,-0.15
Sep-25,11.51,0.05,0.1,17.7,0.037400,20.67,638,-0.16
Oct-25,11.89,0.05,0.1,17.7,0.037300,20.67,639,-0.17
Nov-25,12.26,0.05,0.1,18,0.037100,20.67,640,0.04
Dec-25,12.46,0.05,0.1,17.9,0.037000,20.67,641,0.09
Jan-26,12.65,0.05,0.1,17.9,0.036800,20.67,642,0.2
Feb-26,12.67,0.05,0.1,17.9,0.036500,20.67,643,0.06
Mar-26,11.81,0.05,0.1,17.8,0.036200,20.67,644,0.11
Apr-26,11.48,0.05,0.1,17.9,0.036000,20.67,645,-0.12
May-26,11.56,0.05,0.1,17.8,0.035700,20.67,646,-0.22
Jun-26,12.11,0.05,0.1,17.7,0.035400,20.67,647,-0.22
Jul-26,12.62,0.05,0.1,17.5,0.035100,20.67,648,-0.24
Aug-26,13.12,0.06,0.1,17.4,0.034800,20.67,649,-0.13
Sep-26,13.32,0.06,0.1,17.5,0.034500,20.67,650,-0.12
Oct-26,13.02,0.06,0.1,17.6,0.034300,20.67,651,-0.09
Nov-26,13.19,0.06,0.1,17.7,0.034000,20.67,652,-0.04
Dec-26,13.49,0.06,0.1,17.7,0.033700,20.67,653,-0.27
Jan-27,13.4,0.06,0.1,17.5,0.033400,20.67,654,-0.27
Feb-27,13.66,0.06,0.1,17.4,0.033400,20.67,655,-0.18
Mar-27,13.87,0.06,0.1,17.3,0.033400,20.67,656,-0.36
Apr-27,14.21,0.06,0.1,17.3,0.033400,20.67,657,-0.31
May-27,14.7,0.06,0.1,17.4,0.033400,20.67,658,-0.25
Jun-27,14.89,0.06,0.1,17.6,0.033400,20.67,659,-0.26
Jul-27,15.22,0.06,0.1,17.3,0.033400,20.67,660,-0.17
Aug-27,16.03,0.06,0.1,17.2,0.033300,20.67,661,-0.2
Sep-27,16.94,0.06,0.1,17.3,0.033300,20.67,662,-0.1
Oct-27,16.68,0.06,0.09,17.4,0.033300,20.67,663,0
Nov-27,17.06,0.06,0.09,17.3,0.033300,20.67,664,-0.03
Dec-27,17.46,0.06,0.09,17.3,0.033300,20.67,665,-0.32
Jan-28,17.53,0.06,0.09,17.3,0.033300,20.67,666,0
Feb-28,17.32,0.07,0.1,17.1,0.033500,20.67,667,-0.07
Mar-28,18.25,0.07,0.1,17.1,0.033800,20.67,668,-0.26
Apr-28,19.4,0.07,0.1,17.1,0.034000,20.67,669,-0.27
May-28,20,0.07,0.1,17.2,0.034200,20.67,670,-0.29
Jun-28,19.02,0.07,0.1,17.1,0.034400,20.67,671,-0.36
Jul-28,19.16,0.07,0.11,17.1,0.034700,20.67,672,-0.18
Aug-28,19.78,0.07,0.11,17.1,0.034900,20.67,673,-0.21
Sep-28,21.17,0.07,0.11,17.3,0.035100,20.67,674,-0.18
Oct-28,21.6,0.07,0.11,17.2,0.035300,20.67,675,-0.17
Nov-28,23.06,0.07,0.11,17.2,0.035600,20.67,676,-0.08
Dec-28,23.15,0.07,0.12,17.1,0.035800,20.67,677,-0.17
Jan-29,24.86,0.07,0.12,17.1,0.036000,20.67,678,-0.46
Feb-29,24.99,0.07,0.12,17.1,0.035700,20.67,679,-0.59
Mar-29,25.43,0.07,0.12,17,0.035500,20.67,655,-0.31
Apr-29,25.28,0.07,0.12,16.9,0.035200,20.67,656,-0.39
May-29,25.66,0.08,0.12,17,0.035000,20.67,657,-0.38
Jun-29,26.15,0.08,0.12,17.1,0.034700,20.67,658,-0.4
Jul-29,28.48,0.08,0.13,17.3,0.034500,20.67,659,-0.33
Aug-29,30.1,0.08,0.13,17.3,0.034200,20.67,660,-0.3
Sep-29,31.3,0.08,0.13,17.3,0.033900,20.67,661,-0.23
Oct-29,27.99,0.08,0.13,17.3,0.033700,20.67,662,-0.12
Nov-29,20.58,0.08,0.13,17.3,0.033400,20.67,663,-0.11
Dec-29,21.4,0.08,0.13,17.2,0.033200,20.67,664,-0.53
Jan-30,21.71,0.08,0.13,17.1,0.032900,20.67,665,-0.3
Feb-30,23.07,0.08,0.13,17,0.032900,20.67,666,-0.27
Mar-30,23.94,0.08,0.12,16.9,0.033000,20.67,667,-0.08
Apr-30,25.46,0.08,0.12,17,0.033000,20.67,668,-0.25
May-30,23.94,0.08,0.11,16.9,0.033100,20.67,669,-0.23
Jun-30,21.52,0.08,0.11,16.8,0.033100,20.67,670,-0.2
Jul-30,21.06,0.08,0.1,16.6,0.033200,20.67,671,-0.19
Aug-30,20.79,0.08,0.1,16.5,0.033200,20.67,672,-0.13
Sep-30,20.78,0.08,0.09,16.6,0.033200,20.67,673,-0.12
Oct-30,17.92,0.08,0.09,16.5,0.033300,20.67,674,-0.08
Nov-30,16.62,0.08,0.09,16.4,0.033300,20.67,675,0.16
Dec-30,15.51,0.08,0.08,16.1,0.033400,20.67,676,-0.06
Jan-31,15.98,0.08,0.08,15.9,0.033400,20.67,677,-0.1
Feb-31,17.2,0.08,0.08,15.7,0.033700,20.67,678,-0.24
Mar-31,17.53,0.08,0.07,15.6,0.034000,20.67,679,-0.08
Apr-31,15.86,0.08,0.07,15.5,0.034300,20.67,680,-0.21
May-31,14.33,0.08,0.07,15.3,0.034500,20.67,681,-0.19
Jun-31,13.87,0.08,0.07,15.1,0.034800,20.67,682,-0.07
Jul-31,14.33,0.07,0.06,15.1,0.035100,20.67,683,-0.02
Aug-31,13.9,0.07,0.06,15.1,0.035400,20.67,684,-0.03
Sep-31,11.83,0.07,0.06,15,0.035700,20.67,685,-0.07
Oct-31,10.25,0.07,0.06,14.9,0.036000,20.67,686,0.03
Nov-31,10.39,0.07,0.05,14.7,0.036200,20.67,687,-0.11
Dec-31,8.44,0.07,0.05,14.6,0.036500,20.67,688,-0.09
Jan-32,8.3,0.07,0.05,14.3,0.036800,20.67,689,0.14
Feb-32,8.23,0.06,0.05,14.1,0.036500,20.67,690,-0.18
Mar-32,8.26,0.06,0.05,14,0.036200,20.67,691,-0.19
Apr-32,6.28,0.06,0.05,13.9,0.035900,20.67,692,-0.06
May-32,5.51,0.06,0.04,13.7,0.035600,20.67,693,-0.19
Jun-32,4.77,0.06,0.04,13.6,0.035300,20.67,694,-0.3
Jul-32,5.01,0.05,0.04,13.6,0.035000,20.67,695,-0.24
Aug-32,7.53,0.05,0.04,13.5,0.034600,20.67,696,-0.23
Sep-32,8.26,0.05,0.04,13.4,0.034300,20.67,697,-0.11
Oct-32,7.12,0.05,0.04,13.3,0.034000,20.67,698,-0.1
Nov-32,7.05,0.04,0.04,13.2,0.033700,20.67,699,-0.26
Dec-32,6.82,0.04,0.03,13.1,0.033400,20.67,700,-0.25
Jan-33,7.09,0.04,0.03,12.9,0.033100,32.32,701,-0.34
Feb-33,6.25,0.04,0.03,12.7,0.032900,32.32,702,-0.34
Mar-33,6.23,0.04,0.03,12.6,0.032800,32.32,614,-0.3
Apr-33,6.89,0.04,0.04,12.6,0.032600,32.32,615,-0.25
May-33,8.87,0.04,0.04,12.6,0.032500,32.32,616,-0.29
Jun-33,10.39,0.04,0.04,12.7,0.032300,32.32,617,-0.34
Jul-33,11.23,0.04,0.04,13.1,0.032200,32.32,618,-0.21
Aug-33,10.67,0.04,0.04,13.2,0.032000,32.32,619,-0.24
Sep-33,10.58,0.04,0.04,13.2,0.031800,32.32,620,-0.27
Oct-33,9.55,0.04,0.04,13.2,0.031700,32.32,621,-0.21
Nov-33,9.78,0.04,0.04,13.2,0.031500,32.32,622,-0.3
Dec-33,9.97,0.04,0.04,13.2,0.031400,32.32,623,-0.46
Jan-34,10.54,0.04,0.04,13.2,0.031200,35,624,-0.25
Feb-34,11.32,0.04,0.04,13.3,0.030900,35,625,-0.04
Mar-34,10.74,0.04,0.04,13.3,0.030700,35,626,-0.33
Apr-34,10.92,0.04,0.04,13.3,0.030400,35,627,-0.3
May-34,9.81,0.04,0.04,13.3,0.030100,35,628,-0.11
Jun-34,9.94,0.04,0.04,13.4,0.029800,35,629,-0.15
Jul-34,9.47,0.04,0.04,13.4,0.029600,35,630,-0.1
Aug-34,9.1,0.04,0.04,13.4,0.029300,35,631,-0.11
Sep-34,8.88,0.04,0.04,13.6,0.029000,35,632,-0.16
Oct-34,8.95,0.04,0.04,13.5,0.028700,35,633,-0.08
Nov-34,9.2,0.04,0.04,13.5,0.028500,35,634,0.03
Dec-34,9.26,0.04,0.04,13.4,0.028200,35,635,-0.04
Jan-35,9.26,0.04,0.05,13.6,0.027900,35,636,-0.33
Feb-35,8.98,0.04,0.05,13.7,0.027800,35,637,0.15
Mar-35,8.41,0.04,0.06,13.7,0.027700,35,638,-0.13
Apr-35,9.04,0.04,0.06,13.8,0.027600,35,639,-0.36
May-35,9.75,0.04,0.07,13.8,0.027400,35,640,-0.3
Jun-35,10.12,0.04,0.07,13.7,0.027300,35,641,-0.27
Jul-35,10.65,0.04,0.07,13.7,0.027200,35,642,-0.23
Aug-35,11.37,0.04,0.06,13.7,0.027100,35,643,-0.22
Sep-35,11.61,0.04,0.06,13.7,0.027000,35,644,-0.21
Oct-35,11.92,0.04,0.06,13.7,0.026900,35,645,-0.08
Nov-35,13.04,0.04,0.06,13.8,0.026700,35,646,-0.28
Dec-35,13.04,0.04,0.06,13.8,0.026600,35,647,-0.2
Jan-36,13.76,0.04,0.06,13.8,0.026500,35,648,-0.28
Feb-36,14.55,0.04,0.07,13.8,0.026500,35,649,-0.39
Mar-36,14.86,0.04,0.07,13.7,0.026600,35,650,-0.22
Apr-36,14.88,0.04,0.07,13.7,0.026600,35,651,-0.2
May-36,14.09,0.04,0.07,13.7,0.026600,35,652,-0.18
Jun-36,14.69,0.05,0.07,13.8,0.026600,35,653,-0.21
Jul-36,15.56,0.05,0.08,13.9,0.026700,35,654,-0.08
Aug-36,15.87,0.05,0.08,14,0.026700,35,655,-0.14
Sep-36,16.05,0.05,0.08,14,0.026700,35,656,-0.09
Oct-36,16.89,0.05,0.08,14,0.026700,35,657,-0.04
Nov-36,17.36,0.06,0.08,14,0.026800,35,658,-0.04
Dec-36,17.06,0.06,0.09,14,0.026800,35,659,-0.03
Jan-37,17.59,0.06,0.09,14.1,0.026800,35,660,-0.13
Feb-37,18.11,0.06,0.09,14.1,0.026700,35,661,0.03
Mar-37,18.09,0.06,0.09,14.2,0.026600,35,662,-0.18
Apr-37,17.01,0.07,0.09,14.3,0.026500,35,663,-0.17
May-37,16.25,0.07,0.1,14.4,0.026400,35,664,-0.08
Jun-37,15.64,0.07,0.1,14.4,0.026300,35,665,-0.05
Jul-37,16.57,0.07,0.1,14.5,0.026200,35,666,-0.05
Aug-37,16.74,0.07,0.1,14.5,0.026100,35,667,0.01
Sep-37,14.37,0.06,0.1,14.6,0.026000,35,668,0.11
Oct-37,12.28,0.07,0.1,14.6,0.025900,35,669,0.08
Nov-37,11.2,0.07,0.1,14.5,0.025800,35,670,0.09
Dec-37,11.02,0.07,0.09,14.4,0.025700,35,671,-0.12
Jan-38,11.31,0.07,0.09,14.2,0.025600,35,672,0.01
Feb-38,11.04,0.07,0.09,14.1,0.025400,35,673,-0.02
Mar-38,10.31,0.07,0.08,14.1,0.025300,35,674,0.08
Apr-38,9.89,0.06,0.08,14.2,0.025100,35,675,0.04
May-38,9.98,0.06,0.07,14.1,0.024900,35,676,-0.1
Jun-38,10.21,0.06,0.06,14.1,0.024800,35,677,-0.18
Jul-38,12.24,0.06,0.06,14.1,0.024600,35,678,-0.09
Aug-38,12.31,0.06,0.06,14.1,0.024400,35,679,-0.06
Sep-38,11.75,0.06,0.05,14.1,0.024300,35,680,0.02
Oct-38,13.06,0.05,0.05,14,0.024100,35,681,0.11
Nov-38,13.07,0.05,0.05,14,0.023900,35,682,0.03
Dec-38,12.69,0.04,0.05,14,0.023800,35,683,-0.22
Jan-39,12.5,0.04,0.06,14,0.023600,35,684,-0.08
Feb-39,12.4,0.04,0.06,13.9,0.023500,35,685,-0.08
Mar-39,12.39,0.04,0.06,13.9,0.023400,35,686,-0.19
Apr-39,10.83,0.04,0.06,13.8,0.023200,35,687,-0.1
May-39,11.23,0.04,0.06,13.8,0.023100,35,688,-0.06
Jun-39,11.43,0.04,0.06,13.8,0.023000,35,689,-0.08
Jul-39,11.71,0.05,0.06,13.8,0.022900,35,690,-0.08
Aug-39,11.54,0.05,0.07,13.8,0.022700,35,691,-0.08
Sep-39,12.77,0.05,0.07,14.1,0.022600,35,692,-0.07
Oct-39,12.9,0.05,0.07,14,0.022500,35,693,-0.03
Nov-39,12.67,0.05,0.07,14,0.022400,35,694,0.05
Dec-39,12.37,0.05,0.08,14,0.022200,35,695,0.44
Jan-40,12.3,0.05,0.08,13.9,0.022100,34.5,696,-0.06
Feb-40,12.22,0.05,0.08,14,0.021900,34.5,697,0.12
Mar-40,12.15,0.05,0.08,14,0.021700,34.5,698,0.15
Apr-40,12.27,0.05,0.08,14,0.021500,34.5,699,0.18
May-40,10.58,0.05,0.09,14,0.021200,34.5,700,0.09
Jun-40,9.67,0.05,0.09,14.1,0.021000,34.5,701,0.08
Jul-40,9.99,0.05,0.09,14,0.020800,34.5,702,0.12
Aug-40,10.2,0.06,0.09,14,0.020600,34.5,703,0.04
Sep-40,10.63,0.06,0.09,14,0.020400,34.5,704,0.12
Oct-40,10.73,0.06,0.09,14,0.020200,34.5,705,0.07
Nov-40,10.98,0.06,0.09,14,0.019900,34.5,706,0.17
Dec-40,10.53,0.06,0.09,14.1,0.019700,34.5,707,0.27
Jan-41,10.55,0.06,0.09,14.1,0.019500,35.5,708,0.21
Feb-41,9.89,0.06,0.09,14.1,0.019900,35.5,709,0.33
Mar-41,9.95,0.06,0.09,14.2,0.020400,35.5,710,0.08
Apr-41,9.64,0.06,0.09,14.3,0.020800,35.5,711,0.17
May-41,9.43,0.06,0.09,14.4,0.021200,35.5,712,0.14
Jun-41,9.76,0.06,0.09,14.7,0.021600,35.5,713,0.11
Jul-41,10.26,0.06,0.09,14.7,0.022100,35.5,714,0.21
Aug-41,10.21,0.06,0.1,14.9,0.022500,35.5,715,0.14
Sep-41,10.24,0.06,0.1,15.1,0.022900,35.5,716,0.02
Oct-41,9.83,0.06,0.1,15.3,0.023300,35.5,717,0.33
Nov-41,9.37,0.06,0.1,15.4,0.023800,35.5,718,0.24
Dec-41,8.76,0.06,0.1,15.5,0.024200,35.5,719,0.2
Jan-42,8.93,0.06,0.09,15.7,0.024600,35.5,720,0.25
Feb-42,8.65,0.06,0.09,15.8,0.024600,35.5,721,0.02
Mar-42,8.18,0.06,0.09,16,0.024600,35.5,722,0.1
Apr-42,7.84,0.06,0.09,16.1,0.024600,35.5,723,0.11
May-42,7.93,0.06,0.08,16.3,0.024600,35.5,724,0.08
Jun-42,8.33,0.06,0.08,16.3,0.024600,35.5,725,0.04
Jul-42,8.64,0.05,0.08,16.4,0.024700,35.5,726,0
Aug-42,8.59,0.05,0.08,16.5,0.024700,35.5,727,-0.04
Sep-42,8.68,0.05,0.08,16.5,0.024700,35.5,728,-0.05
Oct-42,9.32,0.05,0.08,16.7,0.024700,35.5,729,-0.01
Nov-42,9.47,0.05,0.08,16.8,0.024700,35.5,730,0.08
Dec-42,9.52,0.05,0.09,16.9,0.024700,35.5,731,0.07
Jan-43,10.09,0.05,0.09,16.9,0.024700,36.5,732,-0.04
Feb-43,10.69,0.05,0.09,16.9,0.024700,36.5,733,0.13
Mar-43,11.07,0.05,0.09,17.2,0.024700,36.5,734,-0.08
Apr-43,11.44,0.05,0.09,17.4,0.024700,36.5,735,0.07
May-43,11.89,0.05,0.09,17.5,0.024700,36.5,736,0.04
Jun-43,12.1,0.05,0.09,17.5,0.024700,36.5,737,-0.06
Jul-43,12.35,0.05,0.09,17.4,0.024800,36.5,738,0.08
Aug-43,11.74,0.05,0.09,17.3,0.024800,36.5,739,0
Sep-43,11.99,0.05,0.09,17.4,0.024800,36.5,740,0.06
Oct-43,11.88,0.05,0.09,17.4,0.024800,36.5,741,0.22
Nov-43,11.33,0.05,0.08,17.4,0.024800,36.5,742,0.19
Dec-43,11.48,0.05,0.08,17.4,0.024800,36.5,743,0.24
Jan-44,11.85,0.05,0.08,17.4,0.024800,36.25,744,0.35
Feb-44,11.77,0.05,0.08,17.4,0.024700,36.25,745,0.26
Mar-44,12.1,0.05,0.08,17.4,0.024600,36.25,746,0.27
Apr-44,11.89,0.05,0.08,17.5,0.024500,36.25,747,0.19
May-44,12.1,0.05,0.08,17.5,0.024400,36.25,748,0.19
Jun-44,12.67,0.05,0.08,17.6,0.024300,36.25,749,0.2
Jul-44,13,0.05,0.08,17.7,0.024300,36.25,750,0.18
Aug-44,12.81,0.05,0.08,17.7,0.024200,36.25,751,0.17
Sep-44,12.6,0.05,0.08,17.7,0.024100,36.25,752,0.3
Oct-44,12.91,0.05,0.08,17.7,0.024000,36.25,753,0.26
Nov-44,12.82,0.05,0.08,17.7,0.023900,36.25,754,0.1
Dec-44,13.1,0.05,0.08,17.8,0.023800,36.25,755,0.02
Jan-45,13.49,0.05,0.08,17.8,0.023700,37.25,756,0.09
Feb-45,13.94,0.05,0.08,17.8,0.023600,37.25,757,-0.02
Mar-45,13.93,0.05,0.08,17.8,0.023400,37.25,758,0.06
Apr-45,14.28,0.05,0.08,17.8,0.023300,37.25,731,0.18
May-45,14.82,0.05,0.08,17.9,0.023100,37.25,732,0.04
Jun-45,15.09,0.05,0.08,18.1,0.023000,37.25,733,0
Jul-45,14.78,0.05,0.08,18.1,0.022800,37.25,734,0.03
Aug-45,14.83,0.05,0.08,18.1,0.022700,37.25,735,0.27
Sep-45,15.84,0.06,0.08,18.1,0.022500,37.25,736,0.22
Oct-45,16.5,0.06,0.08,18.1,0.022400,37.25,737,0.18
Nov-45,17.04,0.06,0.08,18.1,0.022200,37.25,738,0.07
Dec-45,17.33,0.06,0.08,18.2,0.022100,37.25,739,-0.09
Jan-46,18.02,0.06,0.08,18.2,0.021900,38.25,740,0.15
Feb-46,18.07,0.06,0.08,18.1,0.022000,38.25,741,0.07
Mar-46,17.53,0.06,0.08,18.3,0.022000,38.25,742,0
Apr-46,18.66,0.06,0.07,18.4,0.022100,38.25,743,0.06
May-46,18.7,0.06,0.07,18.5,0.022100,38.25,744,-0.08
Jun-46,18.58,0.06,0.07,18.7,0.022200,38.25,745,-0.21
Jul-46,18.05,0.06,0.07,19.8,0.022200,38.25,746,-0.14
Aug-46,17.7,0.06,0.07,20.2,0.022300,38.25,747,-0.17
Sep-46,15.09,0.06,0.07,20.4,0.022300,38.25,748,-0.07
Oct-46,14.75,0.06,0.08,20.8,0.022400,38.25,749,-0.06
Nov-46,14.69,0.06,0.08,21.3,0.022400,38.25,750,-0.06
Dec-46,15.13,0.06,0.09,21.5,0.022500,38.25,751,-0.35
Jan-47,15.21,0.06,0.09,21.5,0.022500,43,752,-0.12
Feb-47,15.8,0.06,0.1,21.5,0.022700,43,753,-0.08
Mar-47,15.16,0.06,0.11,21.9,0.022800,43,754,0.07
Apr-47,14.6,0.06,0.11,21.9,0.023000,43,755,0.07
May-47,14.34,0.06,0.12,21.9,0.023100,43,756,-0.03
Jun-47,14.84,0.06,0.12,22,0.023300,43,757,0.02
Jul-47,15.77,0.06,0.12,22.2,0.023500,43,758,-0.07
Aug-47,15.46,0.07,0.13,22.5,0.023600,43,759,-0.09
Sep-47,15.06,0.07,0.13,23,0.023800,43,760,-0.13
Oct-47,15.45,0.07,0.13,23,0.023900,43,761,0.06
Nov-47,15.27,0.07,0.13,23.1,0.024100,43,762,0.02
Dec-47,15.03,0.07,0.13,23.4,0.024200,43,763,-0.16
Jan-48,14.83,0.07,0.14,23.7,0.024400,42,764,0.07
Feb-48,14.1,0.07,0.14,23.5,0.024300,42,765,-0.16
Mar-48,14.3,0.07,0.14,23.4,0.024200,42,766,-0.25
Apr-48,15.4,0.07,0.15,23.8,0.024100,42,767,-0.11
May-48,16.15,0.07,0.15,23.9,0.024000,42,768,0.01
Jun-48,16.82,0.07,0.16,24.1,0.023900,42,769,-0.04
Jul-48,16.42,0.07,0.16,24.4,0.023800,42,770,-0.11
Aug-48,15.94,0.07,0.17,24.5,0.023600,42,771,-0.12
Sep-48,15.76,0.07,0.17,24.5,0.023500,42,772,-0.11
Oct-48,16.19,0.07,0.18,24.4,0.023400,42,773,-0.07
Nov-48,15.29,0.08,0.18,24.2,0.023300,42,774,-0.12
Dec-48,15.19,0.08,0.19,24.1,0.023200,42,775,-0.23
Jan-49,15.36,0.08,0.19,24,0.023100,40.5,776,0.09
Feb-49,14.77,0.08,0.2,23.8,0.023100,40.5,777,-0.17
Mar-49,14.91,0.08,0.2,23.8,0.023100,40.5,778,-0.02
Apr-49,14.89,0.08,0.2,23.9,0.023100,40.5,779,-0.1
May-49,14.78,0.08,0.2,23.8,0.023100,40.5,780,-0.08
Jun-49,13.97,0.09,0.2,23.9,0.023100,40.5,781,-0.23
Jul-49,14.76,0.09,0.2,23.7,0.023200,40.5,782,-0.14
Aug-49,15.29,0.09,0.2,23.8,0.023200,40.5,783,-0.12
Sep-49,15.49,0.09,0.2,23.9,0.023200,40.5,784,-0.14
Oct-49,15.89,0.09,0.2,23.7,0.023200,40.5,785,-0.06
Nov-49,16.11,0.09,0.2,23.8,0.023200,40.5,786,-0.1
Dec-49,16.54,0.1,0.19,23.6,0.023200,40.5,787,-0.22
Jan-50,16.88,0.1,0.19,23.5,0.023200,40.25,788,-0.33
Feb-50,17.21,0.1,0.2,23.5,0.023400,40.25,789,-0.28
Mar-50,17.35,0.1,0.2,23.6,0.023600,40.25,790,-0.07
Apr-50,17.84,0.1,0.2,23.6,0.023800,40.25,791,-0.2
May-50,18.44,0.1,0.21,23.7,0.024000,40.25,792,-0.1
Jun-50,18.74,0.1,0.21,23.8,0.024200,40.25,793,-0.03
Jul-50,17.38,0.1,0.22,24.1,0.024500,40.25,794,-0.1
Aug-50,18.43,0.11,0.22,24.3,0.024700,40.25,795,-0.16
Sep-50,19.08,0.11,0.23,24.4,0.024900,40.25,796,-0.12
Oct-50,19.87,0.11,0.23,24.6,0.025100,40.25,797,-0.22
Nov-50,19.83,0.12,0.23,24.7,0.025300,40.25,798,-0.38
Dec-50,19.75,0.12,0.24,25,0.025500,40.25,799,-0.2
Jan-51,21.21,0.12,0.24,25.4,0.025700,40,800,-0.35
Feb-51,22,0.13,0.24,25.7,0.025800,40,801,-0.43
Mar-51,21.63,0.13,0.24,25.8,0.025900,40,802,-0.21
Apr-51,21.92,0.13,0.23,25.8,0.026000,40,803,-0.13
May-51,21.93,0.13,0.23,25.9,0.026100,40,804,0
Jun-51,21.55,0.13,0.23,25.9,0.026200,40,805,-0.02
Jul-51,21.93,0.13,0.22,25.9,0.026300,40,806,0.03
Aug-51,22.89,0.13,0.22,25.9,0.026300,40,807,0.06
Sep-51,23.48,0.13,0.21,26.1,0.026400,40,808,0.08
Oct-51,23.36,0.12,0.21,26.2,0.026500,40,809,0.05
Nov-51,22.71,0.12,0.21,26.4,0.026600,40,810,-0.02
Dec-51,23.41,0.12,0.2,26.5,0.026700,40,811,0.14
Jan-52,24.19,0.12,0.2,26.5,0.026800,38.7,812,0.12
Feb-52,23.75,0.12,0.2,26.3,0.026900,38.7,813,0.11
Mar-52,23.81,0.12,0.2,26.3,0.027100,38.7,814,-0.1
Apr-52,23.74,0.12,0.2,26.4,0.027200,38.7,815,0.02
May-52,23.73,0.12,0.2,26.4,0.027300,38.7,816,-0.02
Jun-52,24.38,0.12,0.2,26.5,0.027400,38.7,817,-0.04
Jul-52,25.08,0.12,0.2,26.7,0.027600,38.7,818,0.04
Aug-52,25.18,0.12,0.2,26.7,0.027700,38.7,819,0.04
Sep-52,24.78,0.12,0.2,26.7,0.027800,38.7,820,0.07
Oct-52,24.26,0.12,0.2,26.7,0.027900,38.7,821,-0.01
Nov-52,25.03,0.12,0.2,26.7,0.028100,38.7,822,-0.14
Dec-52,26.04,0.12,0.2,26.7,0.028200,38.7,823,-0.01
Jan-53,26.18,0.12,0.2,26.6,0.028300,35.5,747,0.08
Feb-53,25.86,0.12,0.2,26.5,0.028000,35.5,748,0.14
Mar-53,25.99,0.12,0.2,26.6,0.027700,35.5,749,0.11
Apr-53,24.71,0.12,0.2,26.6,0.028300,35.5,750,0.18
May-53,24.84,0.12,0.21,26.7,0.030500,35.5,751,0.09
Jun-53,23.95,0.12,0.21,26.8,0.031100,35.5,752,0.1
Jul-53,24.29,0.12,0.21,26.8,0.029300,35.5,753,0
Aug-53,24.39,0.12,0.21,26.9,0.029500,35.5,754,0.06
Sep-53,23.27,0.12,0.21,26.9,0.028700,35.5,755,0.04
Oct-53,23.97,0.12,0.21,27,0.026600,35.5,756,0.06
Nov-53,24.5,0.12,0.21,26.9,0.026800,35.5,757,-0.06
Dec-53,24.83,0.12,0.21,26.9,0.025900,35.5,758,0.02
Jan-54,25.46,0.12,0.21,26.9,0.024800,35.25,759,-0.28
Feb-54,26.02,0.12,0.21,26.9,0.024700,35.25,760,-0.13
Mar-54,26.57,0.12,0.21,26.9,0.023700,35.25,761,-0.15
Apr-54,27.63,0.12,0.21,26.8,0.022900,35.25,762,-0.16
May-54,28.73,0.12,0.22,26.9,0.023700,35.25,763,-0.22
Jun-54,28.96,0.12,0.22,26.9,0.023800,35.25,764,-0.18
Jul-54,30.13,0.12,0.22,26.9,0.023000,35.25,765,-0.19
Aug-54,30.73,0.12,0.22,26.9,0.023600,35.25,766,-0.17
Sep-54,31.45,0.12,0.22,26.8,0.023800,35.25,767,-0.1
Oct-54,32.18,0.12,0.22,26.8,0.024300,35.25,768,-0.04
Nov-54,33.44,0.13,0.23,26.8,0.024800,35.25,769,0.06
Dec-54,34.97,0.13,0.23,26.7,0.025100,35.25,770,-0.21
Jan-55,35.6,0.13,0.24,26.7,0.026100,35.15,771,0.13
Feb-55,36.79,0.13,0.24,26.7,0.026500,35.15,772,-0.18
Mar-55,36.5,0.13,0.25,26.7,0.026800,35.15,773,-0.34
Apr-55,37.76,0.13,0.25,26.7,0.027500,35.15,774,-0.22
May-55,37.6,0.13,0.26,26.7,0.027600,35.15,775,-0.21
Jun-55,39.78,0.13,0.27,26.7,0.027800,35.15,776,-0.12
Jul-55,42.69,0.13,0.27,26.8,0.029000,35.15,777,-0.13
Aug-55,42.43,0.13,0.28,26.8,0.029700,35.15,778,0.01
Sep-55,44.34,0.14,0.29,26.9,0.029700,35.15,779,-0.11
Oct-55,42.11,0.14,0.29,26.9,0.028800,35.15,780,-0.05
Nov-55,44.95,0.14,0.3,26.9,0.028900,35.15,781,-0.24
Dec-55,45.37,0.14,0.3,26.8,0.029600,35.15,782,-0.3
Jan-56,44.15,0.14,0.3,26.8,0.029000,35.2,783,-0.16
Feb-56,44.43,0.14,0.31,26.8,0.028400,35.2,784,-0.26
Mar-56,47.49,0.14,0.31,26.8,0.029600,35.2,785,-0.23
Apr-56,48.05,0.15,0.31,26.9,0.031800,35.2,786,-0.27
May-56,46.54,0.15,0.3,27,0.030700,35.2,787,-0.31
Jun-56,46.27,0.15,0.3,27.2,0.030000,35.2,788,-0.16
Jul-56,48.78,0.15,0.3,27.4,0.031100,35.2,789,-0.12
Aug-56,48.49,0.15,0.29,27.3,0.033300,35.2,790,-0.26
Sep-56,46.84,0.15,0.29,27.4,0.033800,35.2,791,-0.2
Oct-56,46.24,0.15,0.29,27.5,0.033400,35.2,792,-0.24
Nov-56,45.76,0.15,0.29,27.5,0.034900,35.2,793,-0.17
Dec-56,46.44,0.15,0.28,27.6,0.035900,35.2,794,-0.08
Jan-57,45.43,0.14,0.28,27.6,0.034600,35.25,795,-0.11
Feb-57,43.47,0.14,0.28,27.7,0.033400,35.25,796,-0.04
Mar-57,44.03,0.14,0.28,27.8,0.034100,35.25,797,-0.06
Apr-57,45.05,0.14,0.28,27.9,0.034800,35.25,798,-0.01
May-57,46.78,0.14,0.28,28,0.036000,35.25,799,0.09
Jun-57,47.55,0.14,0.29,28.1,0.038000,35.25,800,0.16
Jul-57,48.51,0.15,0.29,28.3,0.039300,35.25,801,0.01
Aug-57,45.84,0.15,0.29,28.3,0.039300,35.25,802,0.15
Sep-57,43.98,0.15,0.29,28.3,0.039200,35.25,803,0.09
Oct-57,41.24,0.15,0.29,28.3,0.039700,35.25,804,0.01
Nov-57,40.35,0.15,0.28,28.4,0.037200,35.25,805,0.06
Dec-57,40.33,0.15,0.28,28.4,0.032100,35.25,806,0.16
Jan-58,41.12,0.15,0.27,28.6,0.030900,35.25,807,0.39
Feb-58,41.26,0.15,0.27,28.6,0.030500,35.25,808,0.24
Mar-58,42.11,0.15,0.26,28.8,0.029800,35.25,809,0.11
Apr-58,42.34,0.15,0.26,28.9,0.028800,35.25,810,0.03
May-58,43.7,0.15,0.25,28.9,0.029200,35.25,811,0.06
Jun-58,44.75,0.14,0.24,28.9,0.029700,35.25,812,-0.08
Jul-58,45.98,0.14,0.24,29,0.032000,35.25,813,0.05
Aug-58,47.7,0.14,0.24,28.9,0.035400,35.25,814,-0.04
Sep-58,48.96,0.14,0.24,28.9,0.037600,35.25,815,-0.02
Oct-58,50.95,0.14,0.24,28.9,0.038000,35.25,816,0.04
Nov-58,52.5,0.15,0.24,29,0.037400,35.25,817,0.02
Dec-58,53.49,0.15,0.24,28.9,0.038600,35.25,818,0
Jan-59,55.62,0.15,0.25,29,0.040200,35.25,819,0.08
Feb-59,54.77,0.15,0.25,28.9,0.039600,35.25,820,0.08
Mar-59,56.16,0.15,0.26,28.9,0.039900,35.25,821,0.18
Apr-59,57.1,0.15,0.27,29,0.041200,35.25,822,0.13
May-59,57.96,0.15,0.28,29,0.043100,35.25,823,0.04
Jun-59,57.46,0.15,0.28,29.1,0.043400,35.25,824,0.02
Jul-59,59.74,0.15,0.28,29.2,0.044000,35.25,825,0.06
Aug-59,59.4,0.15,0.29,29.2,0.044300,35.25,826,-0.02
Sep-59,57.05,0.15,0.29,29.3,0.046800,35.25,827,-0.06
Oct-59,57,0.15,0.28,29.4,0.045300,35.25,828,-0.09
Nov-59,57.23,0.15,0.28,29.4,0.045300,35.25,829,-0.09
Dec-59,59.06,0.15,0.28,29.4,0.046900,35.25,830,-0.02
Jan-60,58.03,0.16,0.28,29.3,0.047200,36.5,831,-0.01
Feb-60,55.78,0.16,0.28,29.4,0.044900,36.5,832,0.16
Mar-60,55.02,0.16,0.28,29.4,0.042500,36.5,833,-0.34
Apr-60,55.73,0.16,0.28,29.5,0.042800,36.5,834,-0.14
May-60,55.22,0.16,0.28,29.5,0.043500,36.5,835,-0.07
Jun-60,57.26,0.16,0.27,29.6,0.041500,36.5,836,-0.04
Jul-60,55.84,0.16,0.27,29.6,0.039000,36.5,837,-0.03
Aug-60,56.51,0.16,0.27,29.6,0.038000,36.5,838,0.01
Sep-60,54.81,0.16,0.27,29.6,0.038000,36.5,839,0.07
Oct-60,53.73,0.16,0.27,29.8,0.038900,36.5,840,0.07
Nov-60,55.47,0.16,0.27,29.8,0.039300,36.5,841,-0.12
Dec-60,56.8,0.16,0.27,29.8,0.038400,36.5,842,0.18
Jan-61,59.72,0.16,0.27,29.8,0.038400,35.5,524,0.07
Feb-61,62.17,0.16,0.26,29.8,0.037800,35.5,525,0.19
Mar-61,64.12,0.16,0.26,29.8,0.037400,35.5,526,0.09
Apr-61,65.83,0.16,0.26,29.8,0.037800,35.5,527,0.12
May-61,66.5,0.16,0.25,29.8,0.037100,35.5,528,0.11
Jun-61,65.62,0.16,0.25,29.8,0.038800,35.5,529,0.11
Jul-61,65.44,0.16,0.25,30,0.039200,35.5,530,0
Aug-61,67.79,0.16,0.25,29.9,0.040400,35.5,531,0.03
Sep-61,67.26,0.16,0.25,30,0.039800,35.5,532,0.07
Oct-61,68,0.17,0.26,30,0.039200,35.5,533,0
Nov-61,71.08,0.17,0.26,30,0.039400,35.5,534,0.03
Dec-61,71.74,0.17,0.27,30,0.040600,35.5,535,-0.15
Jan-62,69.07,0.17,0.27,30,0.040800,35.35,536,0.07
Feb-62,70.22,0.17,0.28,30.1,0.040400,35.35,537,0.14
Mar-62,70.29,0.17,0.28,30.1,0.039300,35.35,538,0.12
Apr-62,68.05,0.17,0.28,30.2,0.038400,35.35,539,0.04
May-62,62.99,0.17,0.29,30.2,0.038700,35.35,540,-0.04
Jun-62,55.63,0.17,0.29,30.2,0.039100,35.35,541,0.05
Jul-62,56.97,0.17,0.29,30.3,0.040100,35.35,542,0.02
Aug-62,58.52,0.17,0.29,30.3,0.039800,35.35,543,-0.01
Sep-62,58,0.17,0.29,30.4,0.039800,35.35,544,0.01
Oct-62,56.17,0.17,0.3,30.4,0.039300,35.35,545,0
Nov-62,60.04,0.18,0.3,30.4,0.039200,35.35,546,0.07
Dec-62,62.64,0.18,0.31,30.4,0.038600,35.35,547,-0.01
Jan-63,65.06,0.18,0.31,30.4,0.038300,35.25,548,-0.02
Feb-63,65.92,0.18,0.31,30.4,0.039200,35.25,549,0.2
Mar-63,65.67,0.18,0.31,30.5,0.039300,35.25,550,-0.14
Apr-63,68.76,0.18,0.31,30.5,0.039700,35.25,551,-0.06
May-63,70.14,0.18,0.32,30.5,0.039300,35.25,552,-0.04
Jun-63,70.11,0.18,0.32,30.6,0.039900,35.25,553,0.05
Jul-63,69.07,0.18,0.32,30.7,0.040200,35.25,554,0.09
Aug-63,70.98,0.18,0.33,30.7,0.040000,35.25,555,0.27
Sep-63,72.85,0.18,0.33,30.7,0.040800,35.25,556,0.2
Oct-63,73.03,0.19,0.33,30.8,0.041100,35.25,557,0.15
Nov-63,72.62,0.19,0.33,30.8,0.041200,35.25,663,0.15
Dec-63,74.17,0.19,0.34,30.9,0.041300,35.25,664,-0.01
Jan-64,76.45,0.19,0.34,30.9,0.041700,35.35,665,-0.08
Feb-64,77.39,0.19,0.34,30.9,0.041500,35.35,666,-0.12
Mar-64,78.8,0.19,0.35,30.9,0.042200,35.35,667,-0.23
Apr-64,79.94,0.2,0.35,30.9,0.042300,35.35,668,-0.31
May-64,80.72,0.2,0.36,30.9,0.042000,35.35,669,-0.24
Jun-64,80.24,0.2,0.36,31,0.041700,35.35,670,-0.02
Jul-64,83.22,0.2,0.36,31.1,0.041900,35.35,671,-0.03
Aug-64,82,0.2,0.37,31,0.041900,35.35,672,-0.21
Sep-64,83.41,0.2,0.37,31.1,0.042000,35.35,673,-0.29
Oct-64,84.85,0.21,0.37,31.1,0.041900,35.35,674,-0.31
Nov-64,85.44,0.21,0.38,31.2,0.041500,35.35,675,-0.21
Dec-64,83.96,0.21,0.38,31.2,0.041800,35.35,676,-0.3
Jan-65,86.12,0.21,0.38,31.2,0.041900,35.5,677,-0.08
Feb-65,86.75,0.21,0.39,31.2,0.042100,35.5,678,-0.17
Mar-65,86.83,0.21,0.39,31.3,0.042100,35.5,679,-0.11
Apr-65,87.97,0.21,0.39,31.4,0.042000,35.5,680,-0.19
May-65,89.28,0.22,0.4,31.4,0.042100,35.5,681,-0.14
Jun-65,85.04,0.22,0.4,31.6,0.042100,35.5,682,-0.09
Jul-65,84.91,0.22,0.41,31.6,0.042000,35.5,683,-0.12
Aug-65,86.49,0.22,0.41,31.6,0.042500,35.5,684,-0.03
Sep-65,89.38,0.22,0.42,31.6,0.042900,35.5,685,-0.16
Oct-65,91.39,0.22,0.42,31.7,0.043500,35.5,686,-0.05
Nov-65,92.15,0.23,0.43,31.7,0.044500,35.5,687,-0.06
Dec-65,91.73,0.23,0.43,31.8,0.046200,35.5,688,-0.06
Jan-66,93.32,0.23,0.44,31.8,0.046100,35.4,689,-0.17
Feb-66,92.69,0.23,0.44,32,0.048300,35.4,690,0
Mar-66,88.88,0.23,0.45,32.1,0.048700,35.4,691,0.05
Apr-66,91.6,0.23,0.45,32.3,0.047500,35.4,692,-0.12
May-66,86.78,0.23,0.45,32.3,0.047800,35.4,693,-0.11
Jun-66,86.06,0.24,0.46,32.4,0.048100,35.4,694,0.01
Jul-66,85.84,0.24,0.46,32.5,0.050200,35.4,695,0.09
Aug-66,80.65,0.24,0.46,32.7,0.052200,35.4,696,-0.08
Sep-66,77.81,0.24,0.46,32.7,0.051800,35.4,697,-0.02
Oct-66,77.13,0.24,0.46,32.9,0.050100,35.4,698,-0.15
Nov-66,80.99,0.24,0.46,32.9,0.051600,35.4,699,-0.02
Dec-66,81.33,0.24,0.46,32.9,0.048400,35.4,700,-0.05
Jan-67,84.45,0.24,0.46,32.9,0.045800,35.5,701,-0.05
Feb-67,87.36,0.24,0.46,32.9,0.046300,35.5,702,-0.21
Mar-67,89.42,0.24,0.45,33,0.045400,35.5,703,0.04
Apr-67,90.96,0.24,0.45,33.1,0.045900,35.5,704,-0.05
May-67,92.59,0.24,0.45,33.2,0.048500,35.5,705,0.15
Jun-67,91.43,0.24,0.44,33.3,0.050200,35.5,706,-0.08
Jul-67,93.01,0.24,0.44,33.4,0.051600,35.5,707,0.01
Aug-67,94.49,0.24,0.44,33.5,0.052800,35.5,708,0.01
Sep-67,95.81,0.24,0.44,33.6,0.053000,35.5,709,-0.06
Oct-67,95.66,0.24,0.44,33.7,0.054800,35.5,710,0.08
Nov-67,92.66,0.24,0.44,33.8,0.057500,35.5,711,-0.06
Dec-67,95.3,0.24,0.44,33.9,0.057000,35.5,712,-0.03
Jan-68,95.04,0.24,0.45,34.1,0.055300,43.5,713,-0.25
Feb-68,90.75,0.25,0.45,34.2,0.055600,43.5,714,-0.15
Mar-68,89.09,0.25,0.45,34.3,0.057400,37.7,715,0.21
Apr-68,95.67,0.25,0.46,34.4,0.056400,39.1,716,-0.05
May-68,97.87,0.25,0.46,34.5,0.058700,41.95,717,-0.13
Jun-68,100.5,0.25,0.46,34.7,0.057200,40.9,718,-0.07
Jul-68,100.3,0.25,0.47,34.9,0.055000,38.85,719,-0.12
Aug-68,98.11,0.25,0.47,35,0.054200,39.8,720,-0.09
Sep-68,101.3,0.25,0.47,35.1,0.054600,39.6,721,-0.18
Oct-68,103.8,0.25,0.47,35.3,0.055800,39,722,0.11
Nov-68,105.4,0.25,0.48,35.4,0.057000,39.85,723,-0.03
Dec-68,106.5,0.26,0.48,35.5,0.060300,41.9,724,-0.13
Jan-69,102,0.26,0.48,35.6,0.060400,42.54,672,-0.11
Feb-69,101.5,0.26,0.48,35.8,0.061900,42.7,673,-0.14
Mar-69,99.3,0.26,0.49,36.1,0.063000,42.9,674,0.01
Apr-69,101.3,0.26,0.49,36.3,0.061700,43.6,675,0.18
May-69,104.6,0.26,0.49,36.4,0.063200,43.08,676,0.19
Jun-69,99.14,0.26,0.49,36.6,0.065700,41.2,677,0.05
Jul-69,94.71,0.26,0.49,36.8,0.067200,41.39,678,-0.02
Aug-69,94.18,0.26,0.49,37,0.066900,40.86,679,0.03
Sep-69,94.51,0.26,0.49,37.1,0.071600,40.68,680,0.09
Oct-69,95.52,0.26,0.49,37.3,0.071000,39.75,681,0.13
Nov-69,96.21,0.26,0.48,37.5,0.071400,35.6,682,0.13
Dec-69,91.11,0.26,0.48,37.7,0.076500,35.2,683,0.28
Jan-70,90.31,0.26,0.48,37.8,0.077900,34.99,684,0.09
Feb-70,87.16,0.26,0.47,38,0.072400,35.02,685,0.22
Mar-70,88.65,0.26,0.47,38.2,0.070700,35.3,686,0.08
Apr-70,85.95,0.26,0.47,38.5,0.073900,35.85,687,0.09
May-70,76.06,0.26,0.46,38.6,0.079100,35.45,688,-0.04
Jun-70,75.59,0.27,0.46,38.8,0.078400,35.49,689,-0.02
Jul-70,75.72,0.27,0.46,39,0.074600,35.3,690,-0.02
Aug-70,77.92,0.27,0.45,39,0.075300,35.8,691,-0.09
Sep-70,82.58,0.27,0.45,39.2,0.073900,36.4,692,0.11
Oct-70,84.37,0.26,0.44,39.4,0.073300,37.25,693,0.06
Nov-70,84.28,0.26,0.43,39.6,0.068400,37.54,694,0.02
Dec-70,90.05,0.26,0.43,39.8,0.063900,37.38,695,-0.12
Jan-71,93.49,0.26,0.43,39.8,0.062400,38.05,696,-0.02
Feb-71,97.11,0.26,0.43,39.9,0.061100,38.8,697,-0.19
Mar-71,99.6,0.26,0.44,40,0.057000,38.88,698,-0.17
Apr-71,103,0.26,0.44,40.1,0.058300,39.7,699,-0.08
May-71,101.6,0.26,0.44,40.3,0.063900,40.84,700,-0.05
Jun-71,99.72,0.26,0.44,40.6,0.065200,40.1,701,-0.19
Jul-71,99,0.26,0.45,40.7,0.067300,42.4,702,-0.11
Aug-71,97.24,0.26,0.45,40.8,0.065800,40.65,703,-0.03
Sep-71,99.4,0.26,0.45,40.8,0.061400,42.6,704,-0.04
Oct-71,97.29,0.26,0.46,40.9,0.059300,42.34,705,-0.06
Nov-71,92.78,0.26,0.47,40.9,0.058100,43.6,706,-0.05
Dec-71,99.17,0.26,0.48,41.1,0.059300,43.55,707,-0.09
Jan-72,103.3,0.26,0.48,41.1,0.059500,47.15,708,-0.24
Feb-72,105.2,0.26,0.48,41.3,0.060800,48.2,709,-0.16
Mar-72,107.7,0.26,0.48,41.4,0.060700,48.38,710,0.03
Apr-72,108.8,0.26,0.49,41.5,0.061900,49.6,711,0.01
May-72,107.7,0.26,0.49,41.6,0.061300,59.45,712,-0.03
Jun-72,108,0.26,0.5,41.7,0.061100,64.65,713,0.06
Jul-72,107.2,0.26,0.5,41.9,0.061100,68.3,714,0.01
Aug-72,111,0.26,0.51,42,0.062100,66.88,715,0.17
Sep-72,109.4,0.26,0.51,42.1,0.065500,64.2,716,0.02
Oct-72,109.6,0.26,0.52,42.3,0.064800,64.39,717,0.09
Nov-72,115.1,0.26,0.53,42.4,0.062800,63.6,718,0.04
Dec-72,117.5,0.26,0.54,42.5,0.063600,64.9,719,0.2
Jan-73,118.4,0.26,0.55,42.6,0.064600,66,720,0.29
Feb-73,114.2,0.26,0.56,42.9,0.066400,85,721,0.31
Mar-73,112.4,0.26,0.57,43.3,0.067100,90,722,0.27
Apr-73,110.3,0.27,0.58,43.6,0.066700,90.73,723,0.26
May-73,107.2,0.27,0.59,43.9,0.068500,114.75,724,0.26
Jun-73,104.8,0.27,0.6,44.2,0.069000,123.25,725,0.18
Jul-73,105.8,0.27,0.62,44.3,0.071300,115.6,726,0.1
Aug-73,103.8,0.27,0.63,45.1,0.074000,103.5,727,0.04
Sep-73,105.6,0.27,0.64,45.2,0.070900,100,728,0.1
Oct-73,109.8,0.28,0.65,45.6,0.067900,98,729,0.14
Nov-73,102,0.28,0.67,45.9,0.067300,101,730,0.06
Dec-73,94.78,0.28,0.68,46.2,0.067400,112.25,731,-0.06
Jan-74,96.11,0.28,0.69,46.6,0.069900,132.5,732,-0.15
Feb-74,93.45,0.29,0.69,47.2,0.069600,162.5,733,-0.29
Mar-74,97.44,0.29,0.7,47.8,0.072100,173,734,-0.06
Apr-74,92.46,0.29,0.71,48,0.075100,169.25,735,-0.12
May-74,89.67,0.29,0.72,48.6,0.075800,156.75,736,-0.02
Jun-74,89.79,0.29,0.73,49,0.075400,144.25,737,-0.06
Jul-74,79.31,0.29,0.74,49.4,0.078100,156,738,-0.05
Aug-74,76.03,0.3,0.75,50,0.080400,156,733,0.11
Sep-74,68.12,0.3,0.76,50.6,0.080400,151.25,734,-0.11
Oct-74,69.44,0.3,0.75,51.1,0.079000,167,735,-0.08
Nov-74,71.74,0.3,0.75,51.5,0.076800,184,736,-0.07
Dec-74,67.07,0.3,0.74,51.9,0.074300,186.5,737,-0.09
Jan-75,72.56,0.3,0.73,52.1,0.075000,175.8,738,0.07
Feb-75,80.1,0.3,0.72,52.5,0.073900,181.75,739,0.07
Mar-75,83.78,0.31,0.7,52.7,0.077300,177.25,740,0.13
Apr-75,84.72,0.31,0.69,52.9,0.082300,167,741,0.05
May-75,90.1,0.31,0.68,53.2,0.080600,167,742,0.16
Jun-75,92.4,0.31,0.66,53.6,0.078600,166.25,743,0
Jul-75,92.49,0.31,0.66,54.2,0.080600,166.7,744,-0.01
Aug-75,85.71,0.31,0.65,54.3,0.084000,159.8,745,-0.19
Sep-75,84.67,0.31,0.65,54.6,0.084300,141.25,746,-0.03
Oct-75,88.57,0.31,0.65,54.9,0.081400,142.9,747,-0.09
Nov-75,90.07,0.31,0.66,55.3,0.080500,138.15,748,-0.16
Dec-75,88.7,0.31,0.66,55.5,0.080000,140.25,749,-0.17
Jan-76,96.86,0.31,0.68,55.6,0.077400,128.15,750,-0.01
Feb-76,100.6,0.31,0.7,55.8,0.077900,132.3,751,-0.06
Mar-76,101.1,0.31,0.72,55.9,0.077300,129.6,752,-0.21
Apr-76,101.9,0.31,0.74,56.1,0.075600,128.4,753,-0.08
May-76,101.2,0.31,0.75,56.5,0.079000,125.5,754,-0.24
Jun-76,101.8,0.31,0.77,56.8,0.078600,123.8,755,-0.16
Jul-76,104.2,0.32,0.78,57.1,0.078300,112.5,756,-0.1
Aug-76,103.3,0.32,0.79,57.4,0.077700,104,757,-0.15
Sep-76,105.5,0.32,0.8,57.6,0.075900,116,758,-0.09
Oct-76,101.9,0.33,0.81,57.9,0.074100,123.15,759,-0.26
Nov-76,101.2,0.33,0.82,58,0.072900,130.25,760,-0.04
Dec-76,104.7,0.34,0.83,58.2,0.068700,134.5,761,0.1
Jan-77,103.8,0.34,0.83,58.5,0.072100,132.3,627,0.19
Feb-77,101,0.35,0.84,59.1,0.073900,142.75,628,0.22
Mar-77,100.6,0.35,0.84,59.5,0.074600,148.9,629,0.25
Apr-77,99.05,0.35,0.85,60,0.073700,147.25,630,0.27
May-77,98.76,0.36,0.86,60.3,0.074600,142.95,631,0.3
Jun-77,99.29,0.36,0.87,60.7,0.072800,143,632,0.24
Jul-77,100.2,0.37,0.88,61,0.073300,144.1,633,0.2
Aug-77,97.75,0.37,0.88,61.2,0.074000,146,634,0.16
Sep-77,96.23,0.38,0.89,61.4,0.073400,154.05,635,0
Oct-77,93.74,0.38,0.9,61.6,0.075200,161.5,636,0.02
Nov-77,94.28,0.38,0.9,61.9,0.075800,160.05,637,0.17
Dec-77,93.82,0.39,0.91,62.1,0.076900,164.95,638,0.02
Jan-78,90.25,0.39,0.91,62.5,0.079600,175.75,639,0.06
Feb-78,88.98,0.4,0.91,62.9,0.080300,182.25,640,0.14
Mar-78,88.82,0.4,0.91,63.4,0.080400,181.6,641,0.21
Apr-78,92.71,0.4,0.92,63.9,0.081500,170.85,642,0.15
May-78,97.41,0.41,0.93,64.5,0.083500,184.15,643,0.06
Jun-78,97.66,0.41,0.94,65.2,0.084600,183.05,644,-0.02
Jul-78,97.19,0.41,0.95,65.7,0.086400,200.25,645,0.03
Aug-78,103.9,0.42,0.95,66,0.084100,208.7,646,-0.17
Sep-78,103.9,0.42,0.96,66.5,0.084200,217.1,647,0.05
Oct-78,100.6,0.42,0.99,67.1,0.086400,242.6,648,0
Nov-78,94.71,0.42,1.01,67.4,0.088100,193.4,649,0.16
Dec-78,96.11,0.42,1.03,67.7,0.090100,226,650,0.1
Jan-79,99.71,0.43,1.05,68.3,0.091000,233.7,651,0.12
Feb-79,98.23,0.43,1.08,69.1,0.091000,251.3,652,-0.1
Mar-79,100.1,0.43,1.11,69.8,0.091200,240.1,653,0.18
Apr-79,102.1,0.44,1.13,70.6,0.091800,245.3,654,0.13
May-79,99.73,0.44,1.15,71.5,0.092500,274.6,655,0.06
Jun-79,101.7,0.45,1.17,72.3,0.089100,277.5,656,0.13
Jul-79,102.7,0.45,1.18,73.1,0.089500,296.45,657,0.02
Aug-79,107.4,0.45,1.2,73.8,0.090300,315.1,658,0.14
Sep-79,108.6,0.46,1.22,74.6,0.093300,397.25,659,0.25
Oct-79,104.5,0.46,1.23,75.2,0.103000,382,660,0.24
Nov-79,103.7,0.47,1.23,75.9,0.106500,415.65,661,0.28
Dec-79,107.8,0.47,1.24,76.7,0.103900,512,662,0.47
Jan-80,110.9,0.48,1.25,77.8,0.108000,653,663,0.3
Feb-80,115.3,0.48,1.26,78.9,0.124100,637,664,0.43
Mar-80,104.7,0.48,1.27,80.1,0.127500,494.5,665,0.3
Apr-80,103,0.49,1.26,81,0.114700,518,666,0.33
May-80,107.7,0.49,1.25,81.8,0.101800,535.5,667,0.36
Jun-80,114.6,0.5,1.25,82.7,0.097800,653.5,668,0.17
Jul-80,119.8,0.5,1.24,82.7,0.102500,614.25,669,0.29
Aug-80,123.5,0.5,1.23,83.3,0.111000,631.25,670,0.23
Sep-80,126.5,0.51,1.22,84,0.115100,666.75,671,0.19
Oct-80,130.2,0.51,1.23,84.8,0.117500,629,672,0.18
Nov-80,135.7,0.51,1.23,85.5,0.126800,619.75,673,0.29
Dec-80,133.5,0.51,1.24,86.3,0.128400,589.75,674,0.2
Jan-81,133,0.52,1.23,87,0.125700,506.5,839,0.55
Feb-81,128.4,0.52,1.22,87.9,0.131900,489,840,0.41
Mar-81,133.2,0.52,1.22,88.5,0.131200,513.75,841,0.49
Apr-81,134.4,0.53,1.23,89.1,0.136800,482.75,842,0.31
May-81,131.7,0.53,1.24,89.8,0.141000,479.25,843,0.24
Jun-81,132.3,0.53,1.25,90.6,0.134700,426,844,0.32
Jul-81,129.1,0.54,1.26,91.6,0.142800,406,845,0.34
Aug-81,129.6,0.54,1.27,92.3,0.149400,425,846,0.32
Sep-81,118.3,0.54,1.27,93.2,0.153200,428.75,847,0.17
Oct-81,119.8,0.55,1.28,93.4,0.151500,427,848,0.14
Nov-81,122.9,0.55,1.28,93.7,0.133900,414.5,849,0.24
Dec-81,123.8,0.55,1.28,94,0.137200,397.5,850,0.43
Jan-82,117.3,0.56,1.26,94.3,0.145900,387,851,0.1
Feb-82,114.5,0.56,1.25,94.6,0.144300,362.6,852,0.15
Mar-82,110.8,0.56,1.23,94.5,0.138600,320,853,-0.01
Apr-82,116.3,0.56,1.22,94.9,0.138700,361.25,854,0.09
May-82,116.4,0.57,1.2,95.8,0.136200,325.25,855,0.16
Jun-82,109.7,0.57,1.18,97,0.143000,317.5,856,0.05
Jul-82,109.4,0.57,1.16,97.5,0.139500,342.9,857,0.13
Aug-82,109.7,0.57,1.15,97.7,0.130600,411.5,858,0.07
Sep-82,122.4,0.57,1.13,97.9,0.123400,397,859,0.14
Oct-82,132.7,0.57,1.1,98.2,0.109100,423.25,860,0.13
Nov-82,138.1,0.57,1.08,98,0.105500,436,861,0.15
Dec-82,139.4,0.57,1.05,97.6,0.105400,456.9,862,0.43
Jan-83,144.3,0.57,1.05,97.8,0.104600,499.5,863,0.52
Feb-83,146.8,0.57,1.04,97.9,0.107200,408.5,864,0.4
Mar-83,151.9,0.58,1.04,97.9,0.105100,414.75,865,0.42
Apr-83,157.7,0.58,1.04,98.6,0.104000,429.25,866,0.31
May-83,164.1,0.58,1.04,99.2,0.103800,437.5,867,0.36
Jun-83,166.4,0.58,1.05,99.5,0.108500,416,868,0.2
Jul-83,167,0.58,1.07,99.9,0.113800,422,869,0.17
Aug-83,162.4,0.58,1.09,100.2,0.118500,414.25,870,0.33
Sep-83,167.2,0.58,1.11,100.7,0.116500,405,871,0.39
Oct-83,167.7,0.59,1.13,101,0.115400,382,872,0.16
Nov-83,165.2,0.59,1.15,101.2,0.116900,405,873,0.32
Dec-83,164.4,0.59,1.17,101.3,0.118300,382.4,874,0.17
Jan-84,166.4,0.59,1.2,101.9,0.116700,373.75,875,0.3
Feb-84,157.3,0.6,1.24,102.4,0.118400,394.25,876,0.17
Mar-84,157.4,0.6,1.27,102.6,0.123200,388.5,877,0.29
Apr-84,157.6,0.6,1.3,103.1,0.126300,375.8,878,0.09
May-84,156.6,0.61,1.32,103.4,0.134100,384.25,879,0.33
Jun-84,153.1,0.61,1.35,103.7,0.135600,373.05,880,0.06
Jul-84,151.1,0.61,1.36,104.1,0.133600,342.35,881,0.17
Aug-84,164.4,0.61,1.37,104.5,0.127200,348.25,882,0.16
Sep-84,166.1,0.62,1.38,105,0.125200,343.75,883,0.21
Oct-84,164.8,0.62,1.38,105.3,0.121600,333.5,884,0.16
Nov-84,166.3,0.62,1.38,105.3,0.115700,329,885,0.06
Dec-84,164.5,0.63,1.39,105.3,0.115000,308.3,886,-0.05
Jan-85,171.6,0.63,1.38,105.5,0.113800,306.65,887,0.22
Feb-85,180.9,0.63,1.37,106,0.115100,287.75,888,-0.06
Mar-85,179.4,0.64,1.37,106.4,0.118600,329.25,889,0.17
Apr-85,180.6,0.64,1.34,106.9,0.114300,321.35,890,0.11
May-85,184.9,0.64,1.32,107.3,0.108500,314,891,0.17
Jun-85,188.9,0.65,1.3,107.6,0.101600,317.75,892,0.18
Jul-85,192.5,0.65,1.29,107.8,0.103100,327.5,893,-0.01
Aug-85,188.3,0.65,1.28,108,0.103300,333.25,894,0.15
Sep-85,184.1,0.65,1.27,108.3,0.103700,325.75,895,0.15
Oct-85,186.2,0.66,1.25,108.7,0.102400,325.1,896,0.11
Nov-85,197.5,0.66,1.23,109,0.097800,325.3,897,0.09
Dec-85,207.3,0.66,1.22,109.3,0.092600,326.8,898,0.15
Jan-86,208.2,0.66,1.22,109.6,0.091900,350.5,899,0.29
Feb-86,219.4,0.67,1.21,109.3,0.087000,338.15,900,0.39
Mar-86,232.3,0.67,1.21,108.8,0.077800,344,901,0.28
Apr-86,238,0.67,1.22,108.6,0.073000,345.75,902,0.24
May-86,238.5,0.67,1.22,108.9,0.077100,343.2,903,0.25
Jun-86,245.3,0.68,1.23,109.5,0.078000,346.75,904,0.11
Jul-86,240.2,0.68,1.23,109.5,0.073000,357.5,905,0.11
Aug-86,245,0.68,1.23,109.7,0.071700,384.7,906,0.12
Sep-86,238.3,0.69,1.24,110.2,0.074500,423.2,907,0
Oct-86,237.4,0.69,1.23,110.3,0.074300,401,908,0.13
Nov-86,245.1,0.69,1.22,110.4,0.072500,389.5,909,0.11
Dec-86,248.6,0.69,1.21,110.5,0.071100,388.75,910,0.17
Jan-87,264.5,0.69,1.22,111.2,0.070800,400.5,911,0.36
Feb-87,280.9,0.69,1.24,111.6,0.072500,405.85,912,0.46
Mar-87,292.5,0.7,1.26,112.1,0.072500,421,913,0.16
Apr-87,289.3,0.7,1.24,112.7,0.080200,453.25,914,0.22
May-87,289.1,0.71,1.22,113.1,0.086100,451,915,0.25
Jun-87,301.4,0.71,1.2,113.5,0.084000,447.3,916,0.37
Jul-87,310.1,0.71,1.24,113.8,0.084500,462.5,917,0.45
Aug-87,329.4,0.72,1.28,114.4,0.087600,453.4,918,0.28
Sep-87,318.7,0.72,1.32,115,0.094200,459.5,919,0.39
Oct-87,280.2,0.73,1.37,115.3,0.095200,468.8,920,0.32
Nov-87,245,0.73,1.41,115.4,0.088600,492.5,921,0.25
Dec-87,241,0.73,1.46,115.4,0.089900,484.1,922,0.48
Jan-88,250.5,0.74,1.49,115.7,0.086700,458,923,0.57
Feb-88,258.1,0.74,1.52,116,0.082100,426.15,924,0.43
Mar-88,265.7,0.75,1.55,116.5,0.083700,456.95,925,0.51
Apr-88,262.6,0.75,1.63,117.1,0.087200,449,926,0.45
May-88,256.1,0.76,1.72,117.5,0.090900,455.5,927,0.43
Jun-88,270.7,0.77,1.81,118,0.089200,436.55,928,0.43
Jul-88,269.1,0.78,1.84,118.5,0.090600,436.8,929,0.34
Aug-88,263.7,0.78,1.86,119,0.092600,427.75,930,0.47
Sep-88,268,0.79,1.89,119.8,0.089800,396.7,931,0.41
Oct-88,277.4,0.8,1.92,120.2,0.088000,412.4,932,0.39
Nov-88,271,0.8,1.95,120.3,0.089600,422.6,933,0.12
Dec-88,276.5,0.81,1.98,120.5,0.091100,410.25,934,0.33
Jan-89,285.4,0.82,2.01,121.1,0.090900,394,775,0.15
Feb-89,294,0.82,2.05,121.6,0.091700,387,776,0.35
Mar-89,292.7,0.83,2.08,122.3,0.093600,383.2,777,0.36
Apr-89,302.3,0.84,2.09,123.1,0.091800,377.55,778,0.33
May-89,313.9,0.85,2.09,123.8,0.088600,361.8,779,0.16
Jun-89,323.7,0.86,2.1,124.1,0.082800,373,780,0.14
Jul-89,331.9,0.87,2.06,124.4,0.080200,368.3,781,0.33
Aug-89,346.6,0.88,2.02,124.6,0.081100,359.8,782,0.37
Sep-89,347.3,0.89,1.97,125,0.081900,366.5,783,0.37
Oct-89,347.4,0.9,1.95,125.6,0.080100,375.3,784,0.31
Nov-89,340.2,0.91,1.93,125.9,0.078700,408.15,785,0.2
Dec-89,348.6,0.92,1.91,126.1,0.078400,398.6,786,0.38
Jan-90,339.97,0.93,1.87,127.4,0.082100,415.05,787,0.4
Feb-90,330.45,0.94,1.84,128,0.084700,407.7,788,0.41
Mar-90,338.46,0.94,1.81,128.7,0.085900,368.5,789,0.76
Apr-90,338.18,0.95,1.79,128.9,0.087900,367.75,790,0.55
May-90,350.25,0.96,1.78,129.2,0.087600,363.05,791,0.46
Jun-90,360.39,0.97,1.77,129.9,0.084800,352.2,792,0.38
Jul-90,360.03,0.98,1.79,130.4,0.084700,372.3,793,0.43
Aug-90,330.75,0.98,1.8,131.6,0.087500,387.75,794,0.3
Sep-90,315.41,0.99,1.81,132.7,0.088900,408.4,795,0.28
Oct-90,307.12,0.99,1.8,133.5,0.087200,379.5,796,0.41
Nov-90,315.29,1,1.79,133.8,0.083900,384.85,797,0.45
Dec-90,328.75,1.01,1.78,133.8,0.080800,386.2,798,0.4
Jan-91,325.49,1.01,1.77,134.6,0.080900,366,799,0.4
Feb-91,362.26,1.01,1.75,134.8,0.078500,362.7,800,0.49
Mar-91,372.28,1.01,1.75,135,0.081100,355.65,801,0.34
Apr-91,379.68,1.01,1.7,135.2,0.080400,357.75,802,0.52
May-91,377.99,1.01,1.65,135.6,0.080700,360.4,803,0.37
Jun-91,378.29,1.01,1.62,136,0.082800,368.35,804,0.52
Jul-91,380.23,1.02,1.57,136.2,0.082700,362.85,805,0.47
Aug-91,389.4,1.02,1.53,136.6,0.079000,347.4,806,0.39
Sep-91,387.2,1.02,1.49,137.2,0.076500,354.9,807,0.48
Oct-91,386.88,1.02,1.43,137.4,0.075300,357.45,808,0.29
Nov-91,385.92,1.02,1.38,137.8,0.074200,366.3,809,0.31
Dec-91,388.51,1.02,1.33,137.9,0.070900,353.15,810,0.32
Jan-92,416.08,1.02,1.34,138.1,0.070300,354.1,811,0.44
Feb-92,412.56,1.02,1.34,138.6,0.073400,353.1,812,0.41
Mar-92,407.36,1.03,1.35,139.3,0.075400,341.7,813,0.47
Apr-92,407.41,1.03,1.37,139.5,0.074800,336.35,814,0.23
May-92,414.81,1.03,1.4,139.7,0.073900,337.5,815,0.32
Jun-92,408.27,1.03,1.42,140.2,0.072600,343.4,816,0.25
Jul-92,415.05,1.03,1.45,140.5,0.068400,357.85,817,0.11
Aug-92,417.93,1.03,1.48,140.9,0.065900,340,818,0.07
Sep-92,418.48,1.03,1.5,141.3,0.064200,349,819,-0.01
Oct-92,412.5,1.03,1.53,141.8,0.065900,339.25,820,0.08
Nov-92,422.84,1.03,1.56,142,0.068700,334.2,821,0.03
Dec-92,435.64,1.03,1.59,141.9,0.067700,332.9,822,0.21
Jan-93,435.23,1.03,1.61,142.6,0.066000,330.45,557,0.37
Feb-93,441.7,1.04,1.63,143.1,0.062600,327.6,558,0.38
Mar-93,450.16,1.04,1.65,143.6,0.059800,337.8,559,0.36
Apr-93,443.08,1.04,1.64,144,0.059700,354.3,560,0.26
May-93,445.25,1.04,1.63,144.2,0.060400,377.45,561,0.27
Jun-93,448.06,1.04,1.61,144.4,0.059600,378.45,562,0.25
Jul-93,447.29,1.04,1.64,144.4,0.058100,401.75,563,0.27
Aug-93,454.13,1.04,1.67,144.8,0.056800,371.55,564,0.13
Sep-93,459.24,1.04,1.7,145.1,0.053600,355.5,565,0.1
Oct-93,463.9,1.05,1.74,145.7,0.053300,369.6,566,0.22
Nov-93,462.89,1.05,1.78,145.8,0.057200,370.9,567,0.06
Dec-93,465.95,1.05,1.82,145.8,0.057700,391.75,568,0.16
Jan-94,472.99,1.05,1.85,146.2,0.057500,377.9,569,0.27
Feb-94,471.58,1.06,1.87,146.7,0.059700,381.55,570,0.02
Mar-94,463.81,1.06,1.89,147.2,0.064800,389.2,571,0.27
Apr-94,447.23,1.06,1.96,147.4,0.069700,376.45,572,0.4
May-94,450.9,1.07,2.03,147.5,0.071800,387.6,573,0.28
Jun-94,454.83,1.07,2.1,148,0.071000,388.25,574,0.42
Jul-94,451.4,1.07,2.16,148.4,0.073000,384,575,0.3
Aug-94,464.24,1.08,2.22,149,0.072400,385.75,576,0.21
Sep-94,466.96,1.08,2.28,149.4,0.074600,394.85,577,0.28
Oct-94,463.81,1.08,2.37,149.5,0.077400,383.85,578,0.41
Nov-94,461.01,1.09,2.46,149.7,0.079600,383.1,579,0.46
Dec-94,455.19,1.1,2.55,149.7,0.078100,383.25,580,0.36
Jan-95,465.25,1.1,2.6,150.3,0.077800,374.9,581,0.5
Feb-95,481.92,1.1,2.66,150.9,0.074700,376.4,582,0.78
Mar-95,493.15,1.1,2.71,151.4,0.072000,392,583,0.45
Apr-95,507.91,1.1,2.76,151.9,0.070600,389.75,584,0.47
May-95,523.81,1.11,2.82,152.2,0.066300,384.3,585,0.26
Jun-95,539.35,1.11,2.87,152.5,0.061700,387.05,586,0.41
Jul-95,557.37,1.12,2.89,152.5,0.062800,383.35,587,0.48
Aug-95,559.11,1.13,2.91,152.9,0.064900,382.35,588,0.45
Sep-95,578.77,1.13,2.93,153.2,0.062000,384,589,0.32
Oct-95,582.92,1.14,2.9,153.7,0.060400,382.65,590,0.47
Nov-95,595.53,1.14,2.86,153.6,0.059300,387.8,591,0.45
Dec-95,614.57,1.15,2.83,153.5,0.057100,387,592,0.28
Jan-96,614.42,1.16,2.83,154.4,0.056500,405.55,593,0.25
Feb-96,649.54,1.17,2.83,154.9,0.058100,400.65,594,0.48
Mar-96,647.07,1.18,2.84,155.7,0.062700,396.35,595,0.32
Apr-96,647.17,1.18,2.86,156.3,0.065100,391.3,596,0.36
May-96,661.23,1.18,2.89,156.6,0.067400,390.55,597,0.26
Jun-96,668.5,1.19,2.91,156.7,0.069100,382,598,0.25
Jul-96,644.07,1.2,2.94,157,0.068700,385.3,599,0.35
Aug-96,662.68,1.21,2.97,157.3,0.066400,386.45,600,0.48
Sep-96,674.88,1.22,3,157.8,0.068300,379,601,0.25
Oct-96,701.46,1.23,3.08,158.3,0.065300,379.5,602,0.18
Nov-96,735.67,1.24,3.15,158.6,0.062000,371.3,603,0.41
Dec-96,743.25,1.24,3.23,158.6,0.063000,369.25,604,0.4
Jan-97,766.22,1.25,3.27,159.1,0.065800,345.5,605,0.31
Feb-97,798.39,1.25,3.31,159.6,0.064200,358.6,606,0.38
Mar-97,792.16,1.26,3.35,160,0.066900,348.15,607,0.53
Apr-97,763.93,1.26,3.36,160.2,0.068900,340.15,608,0.35
May-97,833.09,1.26,3.37,160.1,0.067100,345.6,609,0.36
Jun-97,876.29,1.26,3.38,160.3,0.064900,334.55,610,0.53
Jul-97,925.29,1.27,3.38,160.5,0.062200,326.35,611,0.34
Aug-97,927.24,1.27,3.38,160.8,0.063000,325.35,612,0.4
Sep-97,937.02,1.28,3.39,161.2,0.062100,332.1,613,0.53
Oct-97,951.16,1.28,3.36,161.6,0.060300,311.4,614,0.62
Nov-97,938.92,1.29,3.34,161.5,0.058800,296.8,615,0.64
Dec-97,962.37,1.29,3.31,161.3,0.058100,290.2,616,0.59
Jan-98,963.36,1.3,3.31,161.6,0.055400,304.85,617,0.6
Feb-98,1023.74,1.3,3.3,161.9,0.055700,297.4,618,0.9
Mar-98,1076.83,1.3,3.3,162.2,0.056500,301,619,0.63
Apr-98,1112.2,1.31,3.28,162.5,0.056400,310.7,620,0.63
May-98,1108.42,1.32,3.26,162.8,0.056500,293.6,621,0.69
Jun-98,1108.39,1.33,3.25,163,0.055000,296.3,622,0.77
Jul-98,1156.58,1.33,3.22,163.2,0.054600,288.85,623,0.68
Aug-98,1074.62,1.34,3.2,163.4,0.053400,273.4,624,0.66
Sep-98,1020.64,1.35,3.17,163.6,0.048100,293.85,625,0.42
Oct-98,1032.47,1.35,3.16,164,0.045300,292.3,626,0.44
Nov-98,1144.43,1.35,3.15,164,0.048300,294.7,627,0.49
Dec-98,1190.05,1.35,3.14,163.9,0.046500,287.8,628,0.56
Jan-99,1248.77,1.36,3.16,164.3,0.047200,285.4,629,0.48
Feb-99,1246.58,1.36,3.18,164.5,0.050000,287.05,630,0.65
Mar-99,1281.66,1.37,3.2,165,0.052300,279.45,631,0.34
Apr-99,1334.76,1.37,3.27,166.2,0.051800,286.6,632,0.32
May-99,1332.07,1.37,3.35,166.2,0.055400,268.6,633,0.31
Jun-99,1322.55,1.37,3.42,166.2,0.059000,261,634,0.37
Jul-99,1380.99,1.38,3.5,166.7,0.057900,255.6,635,0.37
Aug-99,1327.49,1.38,3.58,167.1,0.059400,254.8,636,0.31
Sep-99,1318.17,1.39,3.66,167.9,0.059200,299,637,0.41
Oct-99,1300.01,1.39,3.78,168.2,0.061100,299.1,638,0.39
Nov-99,1391,1.39,3.9,168.3,0.060300,291.35,639,0.38
Dec-99,1428.68,1.39,4.01,168.3,0.062800,290.25,640,0.43
Jan-00,1425.59,1.39,4.09,168.8,0.066600,283.3,641,0.24
Feb-00,1388.87,1.39,4.17,169.8,0.065200,293.65,642,0.56
Mar-00,1442.21,1.4,4.25,171.2,0.062600,276.75,643,0.57
Apr-00,1461.36,1.4,4.27,171.3,0.059900,275.05,644,0.57
May-00,1418.48,1.39,4.3,171.5,0.064400,272.25,645,0.36
Jun-00,1461.96,1.39,4.33,172.4,0.061000,288.15,646,0.41
Jul-00,1473,1.38,4.38,172.8,0.060500,276.75,647,0.38
Aug-00,1485.46,1.37,4.43,172.8,0.058300,277,648,0.42
Sep-00,1468.05,1.36,4.48,173.7,0.058000,273.65,649,0.4
Oct-00,1390.14,1.36,4.37,174,0.057400,264.5,650,0.28
Nov-00,1378.04,1.36,4.27,174.1,0.057200,269.1,651,0.32
Dec-00,1330.93,1.36,4.17,174,0.052400,274.45,652,0.29
Jan-01,1335.63,1.35,4.04,175.1,0.051600,264.5,654,0.42
Feb-01,1305.75,1.34,3.91,175.8,0.051000,266.7,655,0.44
Mar-01,1185.85,1.33,3.79,176.2,0.048900,257.7,656,0.56
Apr-01,1189.84,1.32,3.55,176.9,0.051400,263.15,657,0.5
May-01,1270.37,1.32,3.31,177.7,0.053900,267.5,658,0.56
Jun-01,1238.71,1.31,3.07,178,0.052800,270.6,659,0.54
Jul-01,1204.45,1.31,2.83,177.5,0.052400,265.9,660,0.6
Aug-01,1178.5,1.31,2.59,177.5,0.049700,273,661,0.48
Sep-01,1044.64,1.31,2.36,178.3,0.047300,293.1,662,0.54
Oct-01,1076.59,1.31,2.26,177.7,0.045700,278.75,663,0.5
Nov-01,1129.68,1.31,2.16,177.4,0.046500,275.5,664,0.7
Dec-01,1144.93,1.31,2.06,176.7,0.050900,276.5,665,0.55
Jan-02,1140.21,1.31,2.06,177.1,0.050400,282.3,666,0.75
Feb-02,1100.67,1.31,2.06,177.8,0.049100,296.85,667,0.75
Mar-02,1153.79,1.31,2.06,178.8,0.052800,301.4,668,0.9
Apr-02,1111.93,1.32,2.12,179.8,0.052100,308.2,669,0.56
May-02,1079.25,1.33,2.17,179.8,0.051600,326.6,670,0.64
Jun-02,1014.02,1.34,2.23,179.9,0.049300,318.5,671,0.55
Jul-02,903.59,1.33,2.32,180.1,0.046500,304.65,672,0.61
Aug-02,912.55,1.32,2.41,180.7,0.042600,312.8,673,0.53
Sep-02,867.81,1.32,2.5,181,0.038700,323.7,674,0.62
Oct-02,854.63,1.32,2.44,181.3,0.039400,316.9,675,0.55
Nov-02,909.93,1.33,2.37,181.3,0.040500,319.05,676,0.58
Dec-02,899.18,1.34,2.3,180.9,0.040300,347.2,677,0.44
Jan-03,895.84,1.34,2.38,181.7,0.040500,367.5,678,0.73
Feb-03,837.03,1.35,2.45,183.1,0.039000,347.45,679,0.55
Mar-03,846.63,1.35,2.53,184.2,0.038100,334.85,680,0.58
Apr-03,890.03,1.35,2.64,183.8,0.039600,336.75,681,0.53
May-03,935.96,1.35,2.76,183.5,0.035700,361.4,682,0.61
Jun-03,988,1.35,2.88,183.7,0.033300,346,683,0.48
Jul-03,992.54,1.36,2.99,183.9,0.039800,354.75,684,0.53
Aug-03,989.53,1.37,3.1,184.6,0.044500,375.6,685,0.65
Sep-03,1019.44,1.38,3.22,185.2,0.042700,388,686,0.64
Oct-03,1038.73,1.4,3.5,185,0.042900,386.25,687,0.74
Nov-03,1049.9,1.43,3.78,184.5,0.043000,398.35,688,0.52
Dec-03,1080.64,1.45,4.06,184.3,0.042700,416.25,689,0.73
Jan-04,1132.52,1.47,4.15,185.2,0.041500,399.75,690,0.59
Feb-04,1143.36,1.48,4.24,186.2,0.040800,395.85,691,0.72
Mar-04,1123.98,1.5,4.33,187.4,0.038300,423.7,692,0.65
Apr-04,1133.36,1.52,4.45,188,0.043500,388.5,693,0.63
May-04,1102.78,1.53,4.56,189.1,0.047200,393.25,694,0.39
Jun-04,1132.76,1.55,4.68,189.7,0.047300,395.8,695,0.43
Jul-04,1105.85,1.57,4.72,189.4,0.045000,391.4,696,0.24
Aug-04,1088.94,1.58,4.77,189.5,0.042800,407.25,697,0.43
Sep-04,1117.66,1.6,4.81,189.9,0.041300,415.65,698,0.5
Oct-04,1117.21,1.6,4.84,190.9,0.041000,425.55,699,0.64
Nov-04,1168.94,1.61,4.86,191,0.041900,453.4,700,0.7
Dec-04,1199.21,1.62,4.88,190.3,0.042300,435.6,701,0.5
Jan-05,1181.41,1.64,4.93,190.7,0.042200,422.15,702,0.71
Feb-05,1199.63,1.66,4.97,191.8,0.041700,435.45,703,0.57
Mar-05,1194.9,1.69,5.02,193.3,0.045000,427.5,704,0.71
Apr-05,1164.43,1.71,5.1,194.6,0.043400,435.7,705,0.67
May-05,1178.28,1.72,5.19,194.4,0.041400,414.45,706,0.62
Jun-05,1202.25,1.74,5.27,194.5,0.040000,437.1,707,0.66
Jul-05,1222.24,1.76,5.36,195.4,0.041800,429,708,0.64
Aug-05,1224.27,1.77,5.45,196.4,0.042600,433.25,709,0.6
Sep-05,1225.92,1.79,5.54,198.8,0.042000,473.25,710,0.74
Oct-05,1191.96,1.81,5.63,199.2,0.044600,470.75,711,0.76
Nov-05,1237.37,1.83,5.73,197.6,0.045400,495.65,712,0.72
Dec-05,1262.07,1.85,5.82,196.8,0.044700,513,713,0.65
Jan-06,1278.73,1.87,5.9,198.3,0.044200,568.75,714,0.56
Feb-06,1276.65,1.88,5.98,198.7,0.045700,556,715,0.69
Mar-06,1293.74,1.9,6.06,199.8,0.047200,582,716,0.62
Apr-06,1302.17,1.92,6.11,201.5,0.049900,644,717,0.5
May-06,1290.01,1.94,6.16,202.5,0.051100,653,718,0.47
Jun-06,1253.17,1.95,6.21,202.9,0.051100,613.5,719,0.64
Jul-06,1260.24,1.97,6.32,203.5,0.050900,632.5,720,0.52
Aug-06,1287.15,1.99,6.43,203.9,0.048800,623.5,721,0.7
Sep-06,1317.74,2.01,6.55,202.9,0.047200,599.25,722,0.62
Oct-06,1363.38,2.03,6.63,201.8,0.047300,603.75,723,0.67
Nov-06,1388.64,2.05,6.71,201.5,0.046000,646.7,724,0.69
Dec-06,1416.42,2.07,6.79,201.8,0.045600,632,725,0.73
Jan-07,1424.16,2.09,6.84,202.42,0.047600,650.5,726,0.94
Feb-07,1444.8,2.11,6.88,203.5,0.047200,664.2,727,0.7
Mar-07,1406.95,2.12,6.93,205.35,0.045600,661.75,728,0.69
Apr-07,1463.64,2.14,6.98,206.69,0.046900,677,729,0.74
May-07,1511.14,2.16,7.03,207.95,0.047500,659.1,730,0.66
Jun-07,1514.19,2.18,7.08,208.35,0.051000,650.5,731,0.59
Jul-07,1520.71,2.2,6.9,208.3,0.050000,665.5,732,0.6
Aug-07,1454.62,2.23,6.73,207.92,0.046700,672,733,0.57
Sep-07,1497.12,2.25,6.55,208.49,0.045200,743,734,0.59
Oct-07,1539.66,2.27,6.21,208.94,0.045300,789.5,735,0.57
Nov-07,1463.39,2.29,5.86,210.18,0.041500,783.5,736,0.55
Dec-07,1479.22,2.31,5.52,210.04,0.041000,833.75,737,0.46
Jan-08,1378.76,2.33,5.35,211.08,0.037400,923.25,738,0.23
Feb-08,1354.87,2.34,5.19,211.69,0.037400,971.5,739,0.34
Mar-08,1316.94,2.36,5.03,213.53,0.035100,933.5,740,0.73
Apr-08,1370.47,2.37,4.78,214.82,0.036800,871,741,0.51
May-08,1403.22,2.38,4.53,216.63,0.038800,885.75,742,0.47
Jun-08,1341.25,2.39,4.28,218.82,0.041000,930.25,743,0.46
Jul-08,1257.33,2.4,4.13,219.96,0.040100,918,744,0.59
Aug-08,1281.47,2.4,3.98,219.09,0.038900,833,745,0.43
Sep-08,1216.95,2.4,3.83,218.78,0.036900,884.5,746,0.62
Oct-08,968.8,2.39,2.97,216.57,0.038100,730.75,747,0.63
Nov-08,883.04,2.38,2.1,212.43,0.035300,814.5,748,0.65
Dec-08,877.56,2.37,1.24,210.23,0.024200,869.75,749,0.52
Jan-09,865.58,2.33,1.02,211.14,0.025200,919.5,569,0.61
Feb-09,805.23,2.3,0.79,212.19,0.028700,952,570,0.51
Mar-09,757.13,2.27,0.57,212.71,0.028200,916.5,571,0.52
Apr-09,848.15,2.23,0.59,213.24,0.029300,883.25,572,0.59
May-09,902.41,2.18,0.61,213.86,0.032900,975.5,573,0.64
Jun-09,926.12,2.13,0.63,215.69,0.037200,934.5,574,0.65
Jul-09,935.82,2.09,0.77,215.35,0.035600,939,575,0.7
Aug-09,1009.73,2.04,0.91,215.83,0.035900,955.5,576,0.66
Sep-09,1044.55,1.99,1.05,215.97,0.034000,995.75,577,0.68
Oct-09,1067.66,1.95,2.11,216.18,0.033900,1040,578,0.63
Nov-09,1088.07,1.91,3.18,216.33,0.034000,1175.75,579,0.76
Dec-09,1110.38,1.87,4.25,215.95,0.035900,1087.5,580,0.65
Jan-10,1123.58,1.85,4.52,216.69,0.037300,1078.5,581,0.73
Feb-10,1089.16,1.84,4.8,216.74,0.036900,1108.25,582,0.79
Mar-10,1152.05,1.83,5.08,217.63,0.037300,1115.5,583,0.92
Apr-10,1197.32,1.83,5.25,218.01,0.038500,1179.25,584,0.85
May-10,1125.06,1.83,5.42,218.18,0.034200,1207.5,585,0.73
Jun-10,1083.36,1.84,5.59,217.97,0.032000,1244,586,0.62
Jul-10,1079.8,1.85,5.72,218.01,0.030100,1169,587,0.59
Aug-10,1087.28,1.85,5.86,218.31,0.027000,1246,588,0.63
Sep-10,1122.08,1.86,5.99,218.44,0.026500,1307,589,0.59
Oct-10,1171.58,1.87,6.14,218.71,0.025400,1346.75,590,0.69
Nov-10,1198.89,1.88,6.29,218.8,0.027600,1383.5,591,0.77
Dec-10,1241.53,1.89,6.45,219.18,0.032900,1405.5,592,0.46
Jan-11,1282.62,1.91,6.56,220.22,0.033900,1327,593,0.49
Feb-11,1321.12,1.93,6.67,221.31,0.035800,1411,594,0.51
Mar-11,1304.49,1.95,6.78,223.47,0.034100,1439,595,0.62
Apr-11,1331.51,1.98,6.85,224.91,0.034600,1535.5,596,0.62
May-11,1338.31,2,6.92,225.96,0.031700,1536.5,597,0.51
Jun-11,1287.29,2.03,6.99,225.72,0.030000,1505.5,598,0.58
Jul-11,1325.19,2.05,7.08,225.92,0.030000,1628.5,599,0.71
Aug-11,1185.31,2.08,7.16,226.55,0.023000,1813.5,600,0.71
Sep-11,1173.88,2.1,7.25,226.89,0.019800,1620,601,0.54
Oct-11,1207.22,2.13,7.25,226.42,0.021500,1722,602,0.63
Nov-11,1226.42,2.17,7.25,226.23,0.020100,1746,603,0.55
Dec-11,1243.32,2.2,7.25,225.67,0.019800,1531,604,0.53
Jan-12,1300.58,2.23,7.29,226.67,0.019700,1744,605,0.45
Feb-12,1352.49,2.25,7.33,227.66,0.019700,1770,606,0.47
Mar-12,1389.24,2.28,7.38,229.39,0.021700,1662.5,607,0.56
Apr-12,1386.43,2.31,7.36,230.09,0.020500,1651.25,608,0.68
May-12,1341.27,2.33,7.34,229.82,0.018000,1558,609,0.74
Jun-12,1323.48,2.36,7.33,229.48,0.016200,1598.5,610,0.63
Jul-12,1359.78,2.4,7.29,229.1,0.015300,1622,611,0.53
Aug-12,1403.45,2.43,7.25,230.38,0.016800,1648.5,612,0.61
Sep-12,1443.42,2.47,7.21,231.41,0.017200,1776,613,0.72
Oct-12,1437.82,2.51,7.21,231.32,0.017500,1719,614,0.75
Nov-12,1394.51,2.56,7.21,230.22,0.016500,1726,615,0.73
Dec-12,1422.29,2.6,7.21,229.6,0.017200,1657.5,616,0.52
Jan-13,1480.4,2.63,7.24,230.28,0.019100,1664.75,617,0.66
Feb-13,1512.31,2.65,7.28,232.17,0.019800,1588.5,618,0.55
Mar-13,1550.83,2.68,7.31,232.77,0.019600,1598.25,619,0.66
Apr-13,1570.7,2.71,7.4,232.53,0.017600,1469,620,0.53
May-13,1639.84,2.74,7.49,232.95,0.019300,1394.5,621,0.58
Jun-13,1618.77,2.77,7.58,233.5,0.023000,1192,622,0.65
Jul-13,1668.68,2.8,7.67,233.6,0.025800,1314.5,623,0.58
Aug-13,1670.09,2.84,7.77,233.88,0.027400,1394.75,624,0.66
Sep-13,1687.17,2.87,7.86,234.15,0.028100,1326.5,625,0.77
Oct-13,1720.03,2.88,8.03,233.55,0.026200,1324,626,0.67
Nov-13,1783.54,2.9,8.19,233.07,0.027200,1253,627,0.78
Dec-13,1807.78,2.92,8.35,233.05,0.029000,1204.5,628,0.65
Jan-14,1822.36,2.95,8.37,233.92,0.028600,1251,629,0.73
Feb-14,1817.04,2.98,8.39,234.78,0.027100,1326.5,630,0.51
Mar-14,1863.52,3.02,8.4,236.29,0.027200,1291.75,631,0.76
Apr-14,1864.26,3.05,8.47,237.07,0.027100,1288.5,632,0.77
May-14,1889.77,3.08,8.53,237.9,0.025600,1250.5,633,0.85
Jun-14,1947.09,3.12,8.59,238.34,0.026000,1315,634,0.66
Jul-14,1973.1,3.15,8.67,238.25,0.025400,1285.25,635,0.56
Aug-14,1961.53,3.18,8.75,237.85,0.024200,1285.75,636,0.81
Sep-14,1993.23,3.21,8.83,238.03,0.025300,1216.5,637,0.88
Oct-14,1937.27,3.23,8.73,237.43,0.023000,1164.25,638,0.81
Nov-14,2044.57,3.26,8.63,236.15,0.023300,1182.75,639,0.66
Dec-14,2054.27,3.29,8.53,234.81,0.022100,1206,640,0.77
Jan-15,2028.18,3.32,8.44,233.71,0.018800,1260.25,641,0.81
Feb-15,2082.2,3.36,8.36,234.72,0.019800,1214,642,0.87
Mar-15,2079.99,3.4,8.27,236.12,0.020400,1187,643,0.9
Apr-15,2094.86,3.43,8.15,236.6,0.019400,1180.25,644,0.74
May-15,2111.94,3.45,8.03,237.81,0.022000,1191.4,645,0.75
Jun-15,2099.29,3.48,7.91,238.64,0.023600,1171,646,0.79
Jul-15,2094.14,3.5,7.79,238.65,0.023200,1098.4,647,0.71
Aug-15,2039.87,3.52,7.67,238.32,0.021700,1135,648,0.78
Sep-15,1944.41,3.54,7.56,237.95,0.021700,1114,649,0.82
Oct-15,2024.81,3.57,7.44,237.84,0.020700,1142.35,650,1.07
Nov-15,2080.62,3.59,7.33,237.34,0.022600,1061.9,651,1.03
Dec-15,2054.08,3.62,7.21,236.53,0.022400,1060,652,1.1
Jan-16,1918.6,3.63,7.21,236.92,0.020900,1111.8,653,1.15
Feb-16,1904.42,3.64,7.21,237.11,0.017800,1234.9,654,1.34
Mar-16,2021.95,3.66,7.2,238.13,0.018900,1237,655,1.31
Apr-16,2075.54,3.67,7.22,239.26,0.018100,1285.65,656,1.07
May-16,2065.55,3.69,7.23,240.23,0.018100,1212.1,657,0.91
Jun-16,2083.89,3.71,7.24,241.02,0.016400,1320.75,658,0.77
Jul-16,2148.9,3.72,7.3,240.63,0.015000,1342,659,0.82
Aug-16,2170.95,3.74,7.36,240.85,0.015600,1309.25,660,1
Sep-16,2157.69,3.75,7.42,241.43,0.016300,1322.5,661,0.87
Oct-16,2143.02,3.77,7.58,241.73,0.017600,1272,662,0.89
Nov-16,2164.99,3.79,7.73,241.35,0.021400,1178.1,663,0.9
Dec-16,2246.63,3.81,7.88,241.43,0.024900,1145.9,664,0.83
Jan-17,2275.12,3.83,8.04,242.84,0.024300,1212.8,847,0.98
Feb-17,2329.91,3.85,8.2,243.6,0.024200,1255.6,848,1.12
Mar-17,2366.82,3.87,8.36,243.8,0.024800,1244.85,849,1.12
Apr-17,2359.31,3.89,8.46,244.52,0.023000,1266.45,850,0.92
May-17,2395.35,3.91,8.56,244.73,0.023000,1266.2,851,0.89
Jun-17,2433.99,3.94,8.67,244.96,0.021900,1242.25,852,0.7
Jul-17,2454.1,3.96,8.75,244.79,0.023200,1267.55,853,0.82
Aug-17,2456.22,3.99,8.84,245.52,0.022100,1311.75,854,0.87
Sep-17,2492.84,4.01,8.92,246.82,0.022000,1283.1,855,0.76
Oct-17,2557,4.04,9,246.66,0.023600,1270.15,856,0.88
Nov-17,2593.61,4.06,9.08,246.67,0.023500,1280.2,857,0.85
Dec-17,2664.34,4.08,9.16,246.52,0.024000,1291,858,0.89
Jan-18,2789.8,4.11,9.31,247.87,0.025800,1345.05,859,0.77
Feb-18,2705.16,4.14,9.47,248.99,0.028600,1317.85,860,0.84
Mar-18,2702.77,4.17,9.62,249.55,0.028400,1323.85,861,0.91
Apr-18,2653.63,4.19,9.82,250.55,0.028700,1313.2,862,0.87
May-18,2701.49,4.22,10.01,251.59,0.029800,1305.35,863,0.81
Jun-18,2754.35,4.25,10.21,251.99,0.029100,1250.45,864,0.75
Jul-18,2793.64,4.29,10.43,252.01,0.028900,1220.95,865,0.78
Aug-18,2857.82,4.32,10.65,252.15,0.028900,1202.45,866,0.73
Sep-18,2901.5,4.36,10.87,252.44,0.030000,1187.25,867,0.76
Oct-18,2785.46,4.4,10.92,252.89,0.031500,1214.95,868,0.99
Nov-18,2723.23,4.44,10.98,252.04,0.031200,1217.55,869,0.78
Dec-18,2567.31,4.48,11.03,251.23,0.028300,1279,870,0.89
Jan-19,2602.55,4.51,11.09,251.71,0.027100,1323.25,871,0.87
Feb-19,2791.5,4.55,11.14,252.78,0.026800,1319.15,872,0.92